Category,Content
finance,management s discussion and analysis md a quarterly financial condition operating results aegis point logistics inc q3 ended september 30 2024 management s discussion and analysis of financial condition and results of operations for the third quarter ended september 30 2024 aegis point logistics inc reported consolidated net revenues of 418 6 million an increase of 6 4 compared to 393 4 million in the prior year period revenue growth was primarily driven by higher yield management in dedicated contract carriage and a 3 8 increase in total billable ton miles across our intermodal network operating income rose to 48 2 million from 42 1 million in q3 2023 resulting in an operating margin expansion of 80 basis points to 11 5 salaries wages and employee benefits totaled 174 3 million up 4 1 year over year reflecting general wage adjustments offset by labor efficiency initiatives at our regional transshipment hubs purchased transportation costs increased 5 2 to 121 8 million influenced by diesel fuel price fluctuations and capacity adjustments on spot dry van routes operating supplies and fuel surcharge revenue contributed a net positive spread of 6 3 million net cash provided by operating activities for the nine months ended september 30 was 112 4 million compared to 98 6 million for the same period in 2023 capital expenditures for property plant and equipment were 34 1 million primarily directed toward fleet modernization and terminal yard automation as of september 30 total liquidity stood at 185 0 million consisting of 45 0 million in cash and cash equivalents and 140 0 million in undrawn capacity under our senior secured revolving credit facility long term debt stood at 285 0 million with a net debt to adjusted ebitda ratio of 1 62x well within our targeted leverage covenant ceiling of 3 00x synthetic dataset category finance doc id doc fin 001
finance,internal audit compliance memo sox 404 testing findings manual journal entry controls crestview biohealth corp november 12 2024 memorandum internal audit compliance risk assessment to audit committee and senior financial leadership from office of internal audit crestview biohealth corp date november 12 2024 subject sox 404 testing findings manual journal entry controls erp permissions during our testing of internal controls over financial reporting icfr for the fiscal year ending december 31 2024 internal audit evaluated the design and operating effectiveness of key financial controls in the general a ounting and a ounts payable sub processes finding 2024 03 insufficient segregation of duties in ledger entry workflow our sample testing of 75 manual journal entries posted between january 1 and september 30 identified 8 instances 10 7 where manual ledger adjustments exceeding 250 000 were drafted and approved by the same regional a ounting controller in the sap general ledger module while supporting documentation was present and verified for business legitimacy in each instance the dual authorization rule mandated by financial control policy 4 2 was bypassed due to conflicting role allocations in the newly configured automated approval matrix risk assessment failure to enforce dual authorization thresholds creates a control gap that increases the risk of undetected balance sheet misstatements particularly within a rued liability reserves and prepayments management remediation plan corporate finance will immediately revoke self approval permissions for all controllers with transaction posting authority system configuration changes will be finalized by december 1 2024 followed by mandatory bi weekly audit logging to confirm continuous segregation of duties across all operating subsidiaries synthetic dataset category finance doc id doc fin 002
finance,commercial credit underwriting memo senior secured revolving credit evaluation 14 5m harbor stone national bank vanguard tooling october 04 2024 commercial credit evaluation underwriting memorandum date october 04 2024 originating branch harbor stone national bank commercial lending group borrower vanguard tooling precision machining llc facility type senior secured revolving line of credit 14 500 000 executive summary facility request the borrower is requesting a 14 5 million asset based working capital revolver to refinance existing short term debt of 8 2 million and support contract expansion with tier 1 automotive and aerospace original equipment manufacturers the proposed facility carries an initial pricing spread of sofr 235 bps maturing in 36 months historical financial performance analysis vanguard tooling generated fy2023 revenue of 52 4 million with ebitda of 7 8 million 14 9 margin compared to fy2022 revenue of 46 1 million and ebitda of 6 2 million annualized trailing twelve month ttm figures through august 2024 show top line revenue of 56 8 million and adjusted ebitda of 8 6 million working capital cycles have stabilized with days sales outstanding dso at 48 days and inventory turnover at 5 2x debt service leverage metrics under the requested facility total funded debt will stand at 18 2 million resulting in a total debt to ttm ebitda ratio of 2 12x fixed charge coverage ratio fccr is projected at 1 74x for the next four quarters providing an adequate cushion above the minimum underwriting policy requirement of 1 25x collateral coverage is supported by an eligible a ounts receivable borrowing base of 11 8 million advance rate 85 and finished inventory valued at 7 4 million advance rate 50 yielding total collateral borrowing capacity of 13 73 million at closing recommendation approval is recommended subject to a maximum leverage covenant of 2 75x and monthly borrowing base certificate submissions synthetic dataset category finance doc id doc fin 003
finance,capex budget variance report q2 capex budget variance cash flow analysis nordic horizon energy services q2 2024 nordic horizon energy services qua erly capex budget variance repo reporting period q2 2024 division midstream infrastructure integrity management prepared by corporate financial planning analysis overview of variances capital expenditures for the second quarter totaled 28 45 million against a board approved budget allocation of 26 61 million creating an unfavorable budget variance of 1 84 million 6 9 operating expenditures opex remained largely aligned with forecasts totaling 44 12 million versus a planned 44 50 million resulting in a favorable operational variance of 0 38 million 0 9 key variance drivers 1 steel and specialized valves 1 12m variance capitalized materials for the clearwater loop extension experienced price escalations due to supplier side tariffs and expedited ocean freight surcharges required to maintain the commissioning schedule 2 civil engineering subcontractor overtime 0 94m variance unplanned hydrovac excavation to clear unmapped utility corridors in sector 4 required 1 420 additional subcontractor hours 3 inspection and tooling savings 0 22m variance in line magnetic flux leakage testing was consolidated with scheduled downtime reducing third party diagnostic expenses cash flow full year forecast adjustment total year to date capital expenditure is 51 20 million against a ytd budget of 49 00 million to prevent full year overruns against the annual capex envelope of 98 00 million engineering leadership has re phased non critical compressor station upgrades from q3 into early fy2025 this deferral will preserve 3 20 million in near term cash flow bringing the projected year end capital spending to 97 10 million synthetic dataset category finance doc id doc fin 004
finance,investment committee brief lbo project spark acquisition recapitalization memo sterling oak capital partners august 29 2024 investment committee brief project spark acquisition memo date august 29 2024 sponsor sterling oak capital partners fund iv target omnisignal sensors ltd transaction type majority recapitalization lbo transaction architecture valuation sterling oak capital proposes to acquire a 68 0 controlling equity stake in omnisignal sensors ltd for an enterprise value ev of 82 0 million representing an 8 9x multiple on ltm adjusted ebitda of 9 2 million the transaction will be funded through 36 0 million in senior secured term debt 4 35x leverage 8 0 million in mezzanine notes and 38 0 million in total sponsor equity with the existing founder rolling over 12 16 million in rollover equity financial return model sensitivity the base underwriting case projects a 5 year exit in fy2029 at an entry multiple parity 8 9x ev ebitda revenue is modeled to expand from 48 5 million to 76 0 million through market share gains in industrial automation and expansion into medical diagnostics key model projections target net revenue cagr 9 4 terminal year ebitda 15 8 million 20 8 margin gross internal rate of return irr 22 4 multiple on invested capital moic 2 75x downside scenario 200 bps margin contraction exit at 7 5x ebitda projected gross irr 14 1 projected moic 1 92x core risks and mitigants customer concentration is moderate with the top three clients generating 34 0 of gross revenue however multi year master service agreements msas with automatic renewal clauses mitigate contract churn risk the investment committee is requested to authorize final confirmatory a ounting and tax due diligence synthetic dataset category finance doc id doc fin 005
finance,treasury cash flow forecast q4 cash positioning and fx hedging strategy nexus global trading plc october 2024 memorandum global treasury operations to chief financial officer from vp corporate treasury subject q4 cash positioning liquidity buffer and fx hedging as we enter the fourth quarter of 2024 the corporate treasury department has finalized the rolling 13 week cash flow forecast consolidated global cash reserves as of october 1 stand at 142 5 million with 85 2 million held in tier 1 jurisdictions projected operating cash inflows for q4 are modeled at 310 4 million largely driven by peak season retail collections projected outflows total 288 7 million which includes a scheduled 25 0 million maturity on our 2021 series b commercial paper and a 12 5 million quarterly dividend payout to optimize yield on excess liquidity 40 0 million of domestic idle cash has been swept into overnight repurchase agreements repos yielding an average of 4 85 foreign exchange fx exposure due to the recent volatility in the eur usd corridor treasury has executed forward contracts to hedge 75 of our projected q4 european a ounts receivable approximately 45 0 million the weighted average strike price secured is 1 0850 this proactive hedging strategy mitigates downside translation risk should the euro depreciate further against the dollar prior to year end settlement the remaining unhedged 25 will be managed via spot market conversions to maintain operational flexibility for our frankfurt logistics hub synthetic dataset category finance doc id doc fin 006
finance,vendor billing dispute notice of invoice discrepancy and payment withholding horizon retail group november 05 2024 formal notice of billing discrepancy to a ounts receivable apex logistics inc from a ounts payable horizon retail group date november 05 2024 reference master service agreement msa dear apex logistics billing department this notice serves as formal communication regarding discrepancies identified during our month end reconciliation for october 2024 freight invoices horizon retail group is placing a temporary hold on payment for invoice and invoice totaling 184 350 00 until the variances detailed below are resolved discrepancy details 1 unauthorized a essorial charges invoice includes 14 200 in peak season surcharges per section 4 2 of our active msa peak season rate adjustments require a 30 day advance written notice and counter signature from our vp of supply chain no such addendum is on file 2 fuel surcharge calculation error invoice applies a 22 fuel surcharge against the base linehaul rate the agreed upon matrix pegs the surcharge to the national average diesel price index which dictates an 18 5 rate for the week of shipment this results in an overbilling of 6 450 required action please issue revised invoices reflecting the contracted baseline rates and correct fuel surcharge percentages within 5 business days upon receipt and verification of the corrected billing horizon retail group will release funds via standard ach transfer on our next net 30 payment run synthetic dataset category finance doc id doc fin 007
finance,tax provisioning schedule q3 corporate tax provision and etr adjustment vertex pharmaceuticals ltd q3 ended september 30 2024 corporate tax memorandum subject q3 2024 tax provisioning and effective tax rate etr prepared by global tax operations overview for the quarter ended september 30 2024 the company recorded an income tax expense of 34 2 million on pre tax a ounting income of 158 5 million this translates to an annualized effective tax rate etr of 21 6 representing a favorable decrease of 140 basis points compared to the 23 0 etr reported in the corresponding prior year period key adjustments and variances the reduction in our etr is primarily attributable to the finalization of our 2023 federal research and development r d tax credit study the study identified 4 8 million in eligible expenditures that were previously uncaptured in our estimated provisions this discrete tax benefit was fully recognized in the current quarter favorably impacting the current tax payable deferred tax assets dtas and valuation allowance we performed our quarterly assessment of the realizability of deferred tax assets the gross dta balance currently stands at 18 4 million largely composed of net operating loss nol carryforwards from our recently acquired european subsidiary based on three year cumulative profitability forecasts for the eu division management concludes it is more likely than not that these dtas will be realized consequently no valuation allowance has been recorded against these assets for q3 state apportionment factors have also been updated to reflect our expanded warehouse footprint in the midwest synthetic dataset category finance doc id doc fin 008
finance,payroll reconciliation report month end payroll variance analysis bluesteel manufacturing corp august 2024 month end payroll variance analysis reporting period august 1 august 31 2024 prepared by payroll compensation a ounting reviewed by corporate controller executive summary total gross payroll expense for the month of august amounted to 4 150 800 representing an 185 000 4 7 unfavorable variance against the budgeted baseline of 3 965 800 this report isolates the primary drivers of this cost overrun across our three primary operating divisions variance breakdown 1 direct labor overtime manufacturing division 112 500 unfavorable unplanned equipment downtime on assembly line c required weekend shifts to meet contractual delivery deadlines for oem clients this resulted in 1 850 hours billed at time and a half 1 5x and 420 hours at double time 2 0x for unionized floor staff 2 severance and a rued pto payouts 45 300 unfavorable the restructuring of the regional sales team led to the termination of three mid level managers per corporate policy all a rued but unused paid time off pto was liquidated upon exit alongside standardized severance packages 3 executive bonus a rual adjustment 27 200 unfavorable following the mid year financial audit the compensation committee authorized a 5 upward revision in the target achievement multiplier for the senior leadership team s short term incentive plan stip this necessitated a true up entry for the august a rual period to align with the revised year end payout projections standard payroll tax withholdings and employer side fica contributions have been reconciled and remitted on schedule synthetic dataset category finance doc id doc fin 009
finance,asset impairment analysis goodwill impairment testing memo summit media holdings fiscal year 2024 memorandum asc 350 intangible assets and goodwill to audit committee from financial reporting technical a ounting date december 10 2024 subject step 1 quantitative goodwill impairment assessment digital publishing reporting unit background in a ordance with asc 350 intangibles goodwill and other summit media holdings conducts its annual goodwill impairment testing during the fourth quarter or more frequently if a triggering event o urs as of october 31 2024 the carrying value of goodwill assigned to the digital publishing reporting unit was 45 8 million originating from the 2021 acquisition of clickstream media testing methodology and assumptions due to sustained macroeconomic headwinds in the digital advertising sector and a 12 year over year decline in programmatic ad yields management bypassed the qualitative step 0 assessment and proceeded directly to a quantitative valuation the fair value of the reporting unit was estimated using an income approach discounted cash flow model key assumptions included a weighted average cost of capital wacc of 11 5 a terminal growth rate of 2 0 and a revised five year revenue cagr of 3 5 downgraded from 6 0 conclusion and a ounting impact the resulting fair value of the digital publishing reporting unit was calculated at 82 5 million this exceeds the unit s total carrying amount including goodwill of 76 2 million because the fair value is greater than the carrying value no impairment charge is required for the current fiscal year however the cushion is relatively thin 8 2 management will continue to monitor subscriber churn rates and ad revenue metrics closely over the next two quarters for any further deterioration that may trigger an interim impairment review synthetic dataset category finance doc id doc fin 010
finance,residential mortgage underwriting final underwriting approval and clear to close crestline mortgage bancorp august 2026 residential mo gage underwriting decision date august 18 2026 loan number borrower s jonathan sterling amanda sterling property address 402 west elm drive maplewood estates decision approved clear to close loan parameters base loan amount 415 000 00 appraised value 555 000 00 loan to value ltv 74 7 combined ltv cltv 74 7 interest rate 6 125 30 year fixed conventional credit and capacity analysis the borrowers exhibit a strong credit profile with middle fico scores of 762 and 745 respectively the primary wage earner jonathan sterling has verified continuous employment as a mechanical engineer for the past six years base income is verified via w 2s and recent pay stubs yielding a monthly qualifying income of 12 450 total monthly debt obligations including the proposed principal interest taxes and insurance piti payment of 3 145 50 result in a front end housing ratio of 25 2 and a back end debt to income dti ratio of 34 1 both ratios are well within the conventional underwriting guidelines maximum of 43 0 asset verification cash to close the borrowers have documented sufficient liquid reserves verified funds in the joint checking and high yield savings a ounts total 118 500 the estimated cash to close inclusive of the 25 down payment and projected third party settlement costs is 148 200 the shortage of 29 700 will be covered by a verified gift of equity from an immediate family member which has been documented via a signed gift letter and trace of funds transfer conditions all prior to document ptd conditions have been satisfied the file is released to the closing department for the generation of the final closing disclosure cd synthetic dataset category finance doc id doc fin 011
finance,equity research brief initiating coverage overweight rating on sector tailwinds altair capital markets august 2026 equity research repo aethelion networks inc ticker aeth rating overweight price target 45 00 current price 32 15 sector enterprise communications equipment investment thesis we are initiating coverage of aethelion networks inc aeth with an overweight rating and a 12 month price target of 45 00 representing an implied upside of roughly 40 the market is currently underpricing the company s multi year transition from legacy on premise hardware sales to high margin recurring software revenue our proprietary channel checks indicate that enterprise adoption of aethelion s new cloud native routing platform aethercloud is a elerating faster than consensus estimates we project that software subscriptions will a ount for 45 of total revenue by the end of fy2027 up from just 22 in the previous fiscal year this revenue mix shift should drive gross margin expansion of at least 350 basis points over the next eight quarters valuation our 45 price target is derived using a sum of the parts sotp valuation methodology we value the legacy hardware segment at 8 0x fy2027 estimated ev ebitda reflecting secular stagnation in traditional appliance sales however we assign a 6 5x ev sales multiple to the rapidly growing software segment which aligns with peer group averages for enterprise saas providers growing at a 25 compound annual growth rate cagr key risks 1 supply chain bottlenecks lingering semiconductor shortages could delay the delivery of the specialized edge routing nodes required to deploy the software platform 2 intense competition aeth faces stiff competition from dominant market incumbents who are heavily discounting legacy hardware to retain enterprise footprints conclusion at current trading levels of 14 5x forward earnings aeth offers an attractive entry point for growth oriented institutional investors willing to look past short term gross margin fluctuations associated with the ongoing cloud transition synthetic dataset category finance doc id doc fin 012
finance,margin deficit notice urgent margin call and a ount liquidation warning primetrade securities llc august 18 2026 margin deficit and maintenance call notice sent via secure message and email a ount number 884 29910 a ount holder harrison v vance date august 18 2026 urgent action required regarding your brokerage account dear mr vance this notice is to inform you that your margin brokerage a ount ending in 9910 has fallen below our firm s minimum margin maintenance requirements due to recent adverse price movements in your portfolio holdings current a ount status total a ount value long market value 155 400 00 margin loan balance 110 200 00 current margin equity 45 200 00 29 08 of long market value primetrade securities llc requires a minimum maintenance equity level of 35 for concentrated portfolios carrying high volatility technology equities margin deficit amount 9 190 00 required action you must deposit additional funds or margin eligible securities to meet the 9 190 00 deficit or liquidate existing positions to reduce your margin loan balance deadline for action funds or liquidation orders must be posted to your a ount no later than 4 00 pm eastern time on august 20 2026 failure to resolve if the margin call is not met by the specified deadline primetrade securities llc reserves the right under the terms of your margin trading agreement to liquidate positions in your a ount at our discretion without further notice to you to satisfy the deficit you will be held responsible for any remaining debit balance resulting from the liquidation please contact our margin risk department immediately at 1 800 555 0199 if you have initiated a wire transfer synthetic dataset category finance doc id doc fin 013
finance,insurance claim adjustment statement of loss and settlement offer vanguard mutual casualty august 2026 statement of loss and settlement offer claim number ac 99201 b date of loss july 28 2026 insured sarah jenkins policy number vmc 773 0091 adjuster marcus thorne senior claims specialist vehicle information year make model 2022 traverse xlt vin 1g1rc6s59mj220xxx odometer 44 210 miles determination of total loss following an inspection by our field appraiser on august 4 2026 the estimated cost of repairs for the front end collision damage to the insured vehicle is 18 450 because the repair estimate exceeds our state s 75 total loss threshold relative to the actual cash value acv of the vehicle vanguard mutual casualty has declared the vehicle a total constructive loss valuation summary to determine the acv we reviewed recent sales of comparable 2022 traverse xlt models within a 50 mile radius of your garaging zip code adjusting for mileage trim level and pre existing wear and tear base market value 22 800 00 condition adjustment pre loss rear bumper damage 450 00 mileage adjustment 320 00 adjusted actual cash value 22 670 00 applicable state taxes 6 25 1 416 88 title and registration fees 85 00 gross settlement value 24 171 88 less deductible 500 00 net settlement offer 23 671 88 next steps to a ept this settlement offer please sign and return the attached power of attorney odometer disclosure statement and vehicle title if free of liens if the vehicle is currently financed we will require a 10 day payoff statement from your lender funds will be disbursed directly to the lienholder first with any remaining equity issued to you via direct deposit synthetic dataset category finance doc id doc fin 014
finance,debt capital markets pricing final pricing term sheet 500m senior notes helios industrial partners august 2026 final pricing term sheet issuer helios industrial partners lp the company security type senior unsecured notes principal amount 500 000 000 trade date august 18 2026 settlement date august 25 2026 t 5 maturity date september 1 2034 coupon rate 5 250 per annum interest payment dates march 1 and september 1 commencing march 1 2027 public offering price 99 850 of principal amount plus a rued interest if any from the settlement date yield to maturity 5 273 benchmark treasury 4 125 us treasury due august 15 2034 benchmark treasury yield 3 820 spread to benchmark 145 3 basis points optional redemption the company may redeem the notes in whole or in part at any time prior to june 1 2034 three months prior to the maturity date at a redemption price equal to the greater of i 100 of the principal amount of the notes to be redeemed or ii the sum of the present values of the remaining scheduled payments of principal and interest discounted to the redemption date on a semi annual basis at the applicable treasury rate plus 25 basis points plus a rued and unpaid interest to the redemption date change of control upon the o urrence of a change of control triggering event the company will be required to make an offer to repurchase the notes at a price equal to 101 of their principal amount plus a rued and unpaid interest covenants the indenture governing the notes contains covenants that among other things limit the company s ability to incur liens engage in sale and leaseback transactions and merge consolidate or sell substantially all assets joint book running managers meridian global securities llc continental capital markets inc synthetic dataset category finance doc id doc fin 015
finance,commercial real estate lease triple net nnn commercial lease agreement granite peak properties effective september 1 2026 triple net nnn commercial lease agreement this lease agreement lease is entered into as of august 18 2026 by and between granite peak properties llc landlord and meridian data solutions inc tenant 1 premises landlord hereby leases to tenant approximately 14 500 rentable square feet of class a office space located on the 4th floor of 800 tower plaza suite 400 denver colorado the premises 2 term the initial term of this lease shall be eighty four 84 months commencing on september 1 2026 the commencement date and expiring on august 31 2033 unless terminated earlier pursuant to the provisions herein 3 base rent tenant agrees to pay landlord an initial base rent of 32 50 per rentable square foot per year totaling 471 250 00 annually payable in equal monthly installments of 39 270 83 base rent shall escalate at a fixed rate of 2 5 annually on each anniversary of the commencement date 4 operating expenses nnn this is a triple net lease in addition to base rent tenant shall pay its pro rata share 12 4 of all building operating expenses including but not limited to real estate taxes property insurance premiums and common area maintenance cam charges for the first calendar year estimated monthly operating expenses are 9 450 00 5 tenant improvement allowance landlord agrees to provide a tenant improvement ti allowance of 45 00 per rentable square foot 652 500 00 for hard and soft costs related to the custom build out of the premises subject to landlord s approval of the architectural plans 6 security deposit upon execution of this lease tenant shall deposit with landlord the sum of 150 000 00 which shall be held as security for the faithful performance of tenant s obligations hereunder synthetic dataset category finance doc id doc fin 016
finance,procurement purchase order master purchase order and supply schedule global tech assembly corp august 2026 master purchase order and supply schedule po number gtac 88392 b issue date august 18 2026 buyer global tech assembly corp procurement division supplier shenzen opto electronics co terms net 60 days fob point origin shenzen port order summary line 1 high density oled display panels sku od 774a quantity 25 000 units unit price 42 15 extended price 1 053 750 00 line 2 capacitive touch controllers sku tc 109x quantity 25 000 units unit price 8 40 extended price 210 000 00 subtotal 1 263 750 00 estimated ocean freight 14 500 00 customs duties est 4 5 56 868 75 total po value 1 335 118 75 delivery schedule to optimize our just in time jit manufacturing flow deliveries are to be staggered across three shipments shipment 1 40 no later than september 15 2026 shipment 2 30 no later than october 15 2026 shipment 3 30 no later than november 10 2026 liquidated damages for delay time is of the essence for this purchase order in the event the supplier fails to deliver the goods in a ordance with the outlined delivery schedule the buyer reserves the right to assess liquidated damages equivalent to 1 5 of the delayed shipment s value for each calendar week of delay capped at a maximum of 10 of the total po value synthetic dataset category finance doc id doc fin 017
finance,wealth management portfolio review quarterly portfolio strategy and performance memo beacon wealth partners q2 2026 qua erly po folio review and strategy memo client name the harrison family trust lead advisor julian sterling cfa reporting period q2 ended june 30 2026 total assets under management aum 14 850 220 performance overview for the second quarter of 2026 the consolidated portfolio generated a gross return of 4 12 3 95 net of advisory fees outperforming the blended benchmark 60 msci acwi 40 bloomberg us aggregate bond index which returned 3 65 year to date ytd the portfolio is up 7 85 net of fees driven primarily by our tactical overweight in domestic large cap technology equities and strategic allocations to senior secured private credit asset allocation summary global equities 8 613 127 58 0 fixed income 3 564 052 24 0 alternative investments private equity real estate 2 227 533 15 0 cash equivalents 445 508 3 0 portfolio adjustments recommendations the recent steepening of the yield curve presents an opportunity to lock in higher durations on the fixed income side we recommend rebalancing 400 000 from the short term treasury fund into investment grade corporate bonds with maturities in the 7 10 year range additionally within the alternative investments sleeve the capital call for the northstar real estate fund iv has been issued for 150 000 due july 15 we will fund this capital call using available cash reserves which will slightly reduce the cash drag on the portfolio tax loss harvesting we have identified approximately 45 000 in unrealized losses within the emerging markets equity sleeve we plan to execute a tax loss harvesting strategy next month swapping the current holding for a highly correlated etf to maintain exposure while banking the loss against future capital gains synthetic dataset category finance doc id doc fin 018
finance,fairness opinion letter confidential board fairness opinion evergreen investment bancorp august 2026 confidential fairness opinion august 18 2026 to the board of directors stellar therapeutics inc 400 bio innovation parkway cambridge ma 02142 members of the board you have requested our opinion as to the fairness from a financial point of view of the consideration to be received by the shareholders of stellar therapeutics inc the company in connection with the proposed merger with horizon pharma group plc the acquirer pursuant to the terms of the draft agreement and plan of merger the merger agreement the acquirer will acquire all outstanding shares of common stock of the company for 72 50 per share in cash the consideration representing a total enterprise value of approximately 2 1 billion in arriving at our opinion we have among other things 1 reviewed the financial terms and conditions of the draft merger agreement 2 analyzed certain historical business and financial information relating to the company 3 reviewed various financial forecasts and other data provided to us by the management of the company including risk adjusted revenue projections for the phase iii oncology pipeline 4 conducted a discounted cash flow dcf analysis using a weighted average cost of capital wacc range of 10 5 to 12 0 5 compared the financial and operating performance of the company with publicly traded companies operating in the biopharmaceutical sector and 6 reviewed the financial terms of recent precedent transactions involving comparable target companies based upon and subject to the foregoing methodologies assumptions and limitations it is our opinion as of the date hereof that the consideration of 72 50 per share in cash to be received by the holders of the company s common stock in the proposed transaction is fair from a financial point of view to such shareholders this letter is provided solely for the information and assistance of the board of directors of the company in connection with its consideration of the transaction synthetic dataset category finance doc id doc fin 019
finance,a ounts receivable aging summary month end ar aging and collections review dynamic logistics solutions july 2026 accounts receivable aging and collections summary to chief financial officer from corporate controller date august 5 2026 subject month end ar aging analysis for july 2026 overview as of july 31 2026 the gross a ounts receivable ar balance stands at 8 450 200 the days sales outstanding dso has crept up slightly to 42 days compared to 39 days at the end of the previous quarter this increase is primarily driven by delayed settlements from two major retail clients experiencing seasonal liquidity constraints aging bucket breakdown current 0 30 days 5 239 124 62 0 31 60 days past due 1 859 044 22 0 61 90 days past due 845 020 10 0 90 days past due 507 012 6 0 problematic a ounts collections action plan 1 orion retail enterprises 310 000 90 days orion has missed two promised payment plans the collections team has escalated this file to our external legal counsel we have placed a hard hold on all future freight shipments for orion until the past due balance is cleared 2 vanguard manufacturing 145 000 61 90 days payment is delayed due to an ongoing dispute regarding a damaged ltl shipment from may a ounts payable at vanguard has agreed to remit 120 000 of the undisputed balance by august 10 while the remaining 25 000 is reviewed by our cargo claims department allowance for doubtful a ounts afda adjustment given the increased concentration of receivables in the 90 day bucket specifically related to orion retail enterprises a ounting recommends increasing the afda reserve by 150 000 for the july close this will bring the total contra asset reserve to 325 000 representing 3 8 of gross ar which aligns with historical default models synthetic dataset category finance doc id doc fin 020
finance,retail banking compliance notice of a ount closure risk management meridian heritage bank august 2026 notice of account closure date august 18 2026 a ount name horizon import export llc a ount number ending in 4429 dear a ount holder following a routine review by our enterprise risk and anti money laundering aml compliance division meridian heritage bank has made the decision to terminate its banking relationship with horizon import export llc this decision is final and was made pursuant to section 8 4 of the commercial depository agreement which allows the bank to close any a ount at its discretion with a 15 day written notice effective september 2 2026 the above referenced business checking a ount will be permanently closed any ach transactions wire transfers or checks presented for clearing after this date will be returned to the originating institution marked a ount closed please ensure that all outstanding checks have cleared and that any automated deposits or withdrawals are rerouted to a new financial institution prior to the closure date if a positive balance remains in the a ount on september 2 2026 a cashier s check for the remaining funds will be mailed to the primary business address on file we cannot disclose the specific proprietary risk algorithms or compliance metrics that led to this determination please contact our transition support team at 1 800 555 0199 to facilitate the orderly transfer of your funds synthetic dataset category finance doc id doc fin 021
finance,corporate procurement vendor master data update request aegis manufacturing group august 2026 vendor master data update and ach authorization to aegis manufacturing group a ounts payable department from steelworks supply co date august 18 2026 vendor id v 88301 to the a ounts payable team this memorandum serves as an official request to update the vendor master data for steelworks supply co effective immediately due to our recent corporate restructuring we are migrating our primary treasury operations to a new financial institution please update your erp system with the following remittance information to prevent any disruption in our upcoming net 30 payment cycles old banking information to be deactivated on sept 1 2026 bank name first national trust routing number 122000049 a ount number 8821 new banking information active immediately bank name continental corporate bank routing number 021000089 a ount number 9904 a ount type commercial checking attached to this transmission is a voided check and a signed w 9 form reflecting our updated corporate address at 400 industrial parkway chicago il 60601 we request that all future electronic funds transfers eft and automated clearing house ach payments for invoices dated after august 15 2026 be routed to the new continental corporate bank a ount please confirm receipt of this notice and the su essful update of our vendor profile via email to receivables synthetic dataset category finance doc id doc fin 022
finance,municipal bond pricing syndicate desk pricing wire capital city public finance august 2026 final pricing wire municipal syndicate desk issuer the state infrastructure authority issue 250 000 000 general revenue highway bonds series 2026a tax status tax exempt ratings aa2 moody s aa s p aa fitch pricing date august 18 2026 settlement date august 27 2026 maturity schedule pricing yields 1 maturity 09 01 2028 principal 25 000 000 coupon 5 000 yield 3 150 price 103 452 2 maturity 09 01 2030 principal 40 000 000 coupon 5 000 yield 3 280 price 106 115 3 maturity 09 01 2036 principal 65 000 000 coupon 4 000 yield 3 650 price 102 880 4 maturity 09 01 2046 principal 120 000 000 coupon 4 125 yield 4 050 price 101 025 priced to par call on 09 01 2036 underwriter s discount takedown 2 50 bond for maturities 2028 2030 4 00 bond for maturities 2036 2046 use of proceeds the proceeds from the series 2026a bonds will be utilized to fund the expansion of the interstate 88 toll corridor and to refund 45 000 000 of outstanding series 2018 short term anticipation notes security the bonds are special limited obligations of the authority payable solely from and secured by a first lien pledge of the gross toll revenues collected on the interstate 88 corridor lead manager continental capital markets co managers meridian global securities evergreen investment bancorp synthetic dataset category finance doc id doc fin 023
finance,commercial insurance commercial general liability cgl binder vanguard mutual casualty august 2026 commercial insurance binder date august 18 2026 insured dynamic logistics solutions llc broker sentinel risk management group carrier vanguard mutual casualty policy period 09 01 2026 to 09 01 2027 this binder serves as temporary evidence of commercial insurance coverage until the formal policy documents are issued coverage is bound subject to the terms conditions and exclusions of the carrier s standard commercial general liability cgl coverage form cg 00 01 coverage limits general aggregate limit 5 000 000 products completed operations aggregate 5 000 000 personal and advertising injury 1 000 000 each o urrence limit 2 000 000 damage to premises rented to you 500 000 any one premises medical expense limit 10 000 any one person deductible self insured retention sir 25 000 per o urrence inclusive of allocated loss adjustment expenses alae endorsements and exclusions coverage includes blanket additional insured endorsement where required by written contract the policy explicitly excludes coverage for workers compensation auto liability covered under a separate commercial auto fleet policy and cyber liability a specific exclusion applies to any hazardous materials transport requiring a class 1 or class 7 placard under dot regulations premium summary total estimated annual premium 142 500 00 state surplus lines tax 3 4 275 00 total amount due 146 775 00 the premium is based on an estimated annual gross revenue of 45 000 000 and an estimated payroll of 8 500 000 this policy is subject to a mandatory annual premium audit within 60 days of expiration synthetic dataset category finance doc id doc fin 024
finance,mergers acquisitions m a non binding letter of intent to acquire summit aggregates llc august 2026 non binding letter of intent date august 18 2026 to the board of directors valley precast concrete inc from corporate development summit aggregates llc subject proposed acquisition of valley precast concrete inc dear members of the board this letter of intent loi outlines the preliminary terms under which summit aggregates llc buyer proposes to acquire 100 of the issued and outstanding capital stock of valley precast concrete inc company from its current shareholders sellers 1 purchase price and consideration based on our preliminary review of the company s trailing twelve month ttm financials the buyer proposes a total enterprise value of 42 500 000 the purchase price will be paid as 35 000 000 in cash at closing and a 7 500 000 seller promissory note carrying a 6 0 interest rate amortized over five years 2 working capital adjustment the purchase price is formulated on a cash free debt free basis and assumes the delivery of a normalized net working capital nwc target of 4 200 000 at closing any deficit or surplus to this target will result in a dollar for dollar adjustment to the cash consideration 3 due diligence and exclusivity upon execution of this loi the sellers agree to grant the buyer a 60 day period of exclusive dealing during this exclusivity period the sellers will not solicit entertain or negotiate any alternative acquisition proposals concurrently the buyer will commence comprehensive legal environmental and financial quality of earnings qoe due diligence 4 non binding nature with the exception of the exclusivity and confidentiality provisions this letter is an expression of interest only and does not create a legally binding obligation to consummate the transaction binding commitments will only be established upon the execution of a definitive stock purchase agreement spa synthetic dataset category finance doc id doc fin 026
finance,retail banking fraud investigation fraud claim resolution and final credit notice first pioneer bank august 2026 fraud claim resolution notice date august 18 2026 a ount holder michelle r stanton a ount number checking ending in 1184 claim number fc 2026 99402 dear ms stanton we are writing to inform you that first pioneer bank has concluded the investigation into the unauthorized electronic funds transfers eft reported on your checking a ount on july 24 2026 investigation summary your claim involved three unauthorized automated clearing house ach debits totaling 4 250 00 appearing under the merchant descriptor global crypto exchange our fraud investigation unit collaborated with the receiving financial institution and determined that your online banking credentials were compromised via a third party data breach leading to the unauthorized linking of an external a ount final resolution under the electronic fund transfer act regulation e we are responsible for protecting you against unauthorized transactions reported within the required timeframe we are pleased to inform you that the provisional credit of 4 250 00 applied to your a ount on july 26 2026 has now been made permanent no further action is required on your part regarding these specific transactions and this fraud claim is officially closed a ount security measures as part of our risk mitigation protocols your previous checking a ount ending in 1184 remains permanently frozen all funds have been su essfully migrated to your new checking a ount ending in 3302 we strongly recommend enabling two factor authentication 2fa via our mobile application and monitoring your credit report for any subsequent signs of identity theft if you have any questions regarding this resolution please contact our fraud resolution department at 1 888 555 0192 between 8 00 am and 6 00 pm est synthetic dataset category finance doc id doc fin 027
finance,asset management fund fact sheet institutional fund fact sheet q2 update vanguard frontier markets fund q2 2026 qua erly fund fact sheet fund name vanguard frontier markets equity fund share class institutional ticker vfmix reporting period quarter ended june 30 2026 net asset value nav 24 82 total assets under management 1 42 billion expense ratio 0 85 investment objective the fund seeks long term capital appreciation by investing primarily in equity securities of companies domiciled in or deriving a majority of their revenues from emerging and frontier market economies quarterly manager commentary the fund returned 6 45 in q2 2026 outperforming the msci frontier markets index by 120 basis points performance was largely driven by our overweight allocation to southeast asian financials and infrastructure developers which benefited from a stabilization in local currency exchange rates and an influx of foreign direct investment conversely our underweight position in eastern european energy producers slightly detracted from relative performance amid an unexpected surge in regional crude prices looking ahead to q3 we are reallocating capital toward latin american consumer staples anticipating a favorable environment for domestic consumption following recent central bank rate cuts in brazil and colombia top 5 holdings as of 06 30 2026 1 nusantara commercial bank indonesia 4 2 2 andean lithium corp argentina 3 8 3 saigon port logistics vietnam 3 5 4 pan african telecom nigeria 3 1 5 bogota retail holdings colombia 2 9 sector weightings financials 32 4 materials mining 18 2 consumer discretionary 14 5 telecommunications 11 0 industrials 10 8 cash other 13 1 risk metrics 3 year annualized standard deviation 18 4 synthetic dataset category finance doc id doc fin 028
finance,commercial property tax assessment notice of assessed valuation and appeal deadline cook county board of revision tax year 2026 official notice of assessed valuation date of notice august 18 2026 taxing authority cook county office of the assessor property owner horizon logistics real estate trust parcel identification number pin 14 22 100 045 0000 property address 4400 west industrial drive chicago il 60632 property classification 5 93 industrial commercial warehouse 100k sq ft dear property owner this notice informs you of the reassessment of the above referenced property for the 2026 tax year assessed values in your township have been updated to reflect current market conditions based on recent comparable sales income capitalization models and regional commercial real estate trends valuation summary prior year 2025 fair market value 8 450 000 prior year 2025 assessed value 25 assessment level 2 112 500 current year 2026 fair market value 10 200 000 current year 2026 assessed value 25 assessment level 2 550 000 net increase in assessed value 437 500 20 7 impact on property taxes please note that this is not a tax bill your actual 2026 property tax liability will be calculated in early 2027 by multiplying this new assessed value by the state equalization factor multiplier and the combined local millage rates an increase in assessed value does not necessarily mean your property taxes will increase by the same percentage right to appeal if you believe the current year fair market value exceeds the actual market value of your property or if the property characteristics on file are incorrect you have the right to file a formal appeal the deadline to file a commercial valuation appeal with the cook county board of review is september 25 2026 appeals must include certified appraisals or audited rent rolls synthetic dataset category finance doc id doc fin 029
finance,hr finance payroll annual total rewards equity grant statement aethelion networks inc august 2026 total rewards and equity compensation statement date august 18 2026 employee name marcus thorne employee id emp 44910 department enterprise software engineering title senior solutions architect dear marcus in recognition of your exceptional performance over the past fiscal year and your contributions to the su essful launch of the aethercloud routing platform aethelion networks is pleased to present your annual total rewards summary for the upcoming 2026 2027 compensation cycle 1 base salary adjustment effective september 1 2026 your annualized base salary will be increased from 145 000 to 158 500 this 9 3 increase encompasses both a standard cost of living adjustment and a merit based performance bump your semi monthly gross pay will reflect this change on the september 15th payroll run 2 short term incentive plan stip payout based on the company achieving 112 of its target ebitda goals the stip funding pool was over allocated your personal performance multiplier was evaluated at 1 25x consequently your gross cash bonus for fy2026 is 29 000 this will be paid out as a separate direct deposit on august 31 2026 subject to supplemental withholding tax rates 3 long term equity grant rsus the compensation committee of the board of directors has approved a new grant of restricted stock units rsus to align your long term interests with our shareholders grant date august 15 2026 total units granted 1 500 rsus vesting schedule four year graded vesting 25 of the units 375 rsus will vest on august 15 2027 with the remaining units vesting in equal quarterly installments over the subsequent 36 months contingent upon your continued employment please log in to the shareworks portal by september 10 2026 to electronically a ept your new equity grant agreement synthetic dataset category finance doc id doc fin 030
finance,corporate restructuring notice of chapter 11 reorganization filing vanguard logistics group august 2026 notice of chapter 11 bankruptcy filing date august 18 2026 to all creditors and parties in interest debtor vanguard logistics group inc case no 26 11492 jurisdiction united states bankruptcy court for the district of delaware please be advised that on august 15 2026 the petition date vanguard logistics group inc and its affiliated debtors filed voluntary petitions for relief under chapter 11 of the united states bankruptcy code automatic stay pursuant to section 362 of the bankruptcy code the filing of the bankruptcy petitions automatically stays pauses most collection actions against the debtors or their property creditors are prohibited from attempting to collect pre petition debts initiating or continuing lawsuits or enforcing liens without prior approval from the bankruptcy court debtor in possession dip financing the debtors continue to operate their business and manage their properties as debtors in possession the court has granted interim approval for a 45 0 million dip financing facility provided by apex management capital this liquidity will ensure uninterrupted payment of post petition vendor obligations employee wages and benefits during the restructuring process filing proof of claims the court has not yet established a deadline the bar date for filing proofs of claim against the debtors a separate notice will be mailed to all known creditors once the bar date is set do not submit pre petition invoices to the debtors a ounts payable department they cannot be paid without a specific court order synthetic dataset category finance doc id doc fin 031
finance,wealth management client risk tolerance investment mandate sterling heritage private wealth august 2026 client investment policy statement ips client name eleanor vance a ount type revocable living trust primary advisor julian sterling cfa date executed august 18 2026 investment objective time horizon the primary objective of this portfolio is long term capital appreciation with a secondary focus on dividend income the client has indicated a time horizon of 15 years intending to pass the principal to designated beneficiaries risk tolerance assessment based on the risk questionnaire completed on august 10 2026 and subsequent advisor consultations the client s risk profile is classified as moderately aggressive the client has expressed a willingness to a ept higher short term portfolio volatility targeting an annualized standard deviation of 12 to 16 in exchange for superior long term growth strategic asset allocation targets to align with the stated objectives the portfolio will adhere to the following target allocations domestic large cap equity 45 0 allowable range 40 50 international emerging equity 25 0 allowable range 20 30 investment grade fixed income 15 0 allowable range 10 20 alternative investments real estate private credit 10 0 allowable range 5 15 cash equivalents 5 0 environmental social and governance esg constraints per the client s explicit directive the equity sleeve must employ a negative screening strategy to exclude companies deriving more than 10 of their gross revenue from thermal coal extraction toba o manufacturing or civilian firearms production the portfolio will be reviewed semi annually to ensure compliance with these mandates synthetic dataset category finance doc id doc fin 032
finance,commercial real estate appraisal executive summary of valuation apex valuation services august 2026 executive summary of commercial appraisal file reference avs 2026 881 property the maplewood apartments 120 unit multifamily complex location 4400 west elm drive dallas tx 75201 effective date of value august 15 2026 intended user first pioneer bank commercial lending division valuation methodology findings the subject property was appraised utilizing both the income capitalization approach and the sales comparison approach the cost approach was omitted due to the age of the improvements built in 2008 making depreciation estimates highly subjective 1 income capitalization approach we projected a stabilized gross annual income of 2 450 000 assuming a market aligned vacancy and collection loss rate of 6 0 after deducting stabilized operating expenses of 985 000 the net operating income noi is estimated at 1 465 000 applying a market derived overall capitalization rate cap rate of 5 35 yields an indicated value of 27 380 000 2 sales comparison approach we analyzed five recent transactions of class b multifamily assets within a 3 mile radius the unadjusted sales prices ranged from 215 000 to 240 000 per door after adjusting for property condition exact location and effective age the reconciled value indicator was 230 000 per unit resulting in an indicated value of 27 600 000 reconciliation and final value opinion primary weight is given to the income capitalization approach as it most closely mirrors the behavior of investors in this asset class final as is market value 27 500 000 exposure time 4 to 6 months marketing time 4 to 6 months synthetic dataset category finance doc id doc fin 033
finance,corporate treasury authorization of share repurchase program meridian data solutions inc august 2026 board of directors resolution share repurchase program date august 18 2026 prepared by office of the corporate secretary and corporate treasury resolution summary the board of directors the board of meridian data solutions inc the company has formally authorized a new common stock repurchase program allowing the company to buy back up to 250 0 million of its outstanding shares over the next 24 months effective september 1 2026 rationale management and the board believe that the company s current stock price does not fully reflect its intrinsic value or long term growth prospects particularly regarding the expansion of our cloud infrastructure division repurchasing shares represents an efficient return of capital to shareholders and will be a retive to earnings per share eps execution mechanics repurchases may be made from time to time through open market purchases privately negotiated transactions or structured mechanisms such as an a elerated share repurchase asr agreement depending on market conditions regulatory compliance all open market transactions will be executed in a ordance with the safe harbor provisions of rule 10b 18 under the securities exchange act of 1934 the treasury department is directed to establish a rule 10b5 1 trading plan to facilitate repurchases during established blackout periods funding the repurchase program will be funded entirely through the company s existing cash equivalents and projected free cash flow generation the authorization does not obligate the company to acquire any specific number of shares and may be suspended or discontinued at any time without prior notice synthetic dataset category finance doc id doc fin 034
finance,corporate tax audit response to notice of proposed assessment global biohealth tax department august 2026 response to information document request idr date august 18 2026 to large business and international lb i division internal revenue service from global biohealth inc corporate tax department subject response to idr fy2024 form 6765 credit for increasing research activities dear examining agent this memorandum and the attached exhibits are submitted in response to idr which requested further substantiation of the 4 2 million in qualified research expenses qres claimed by global biohealth inc under irc section 41 for the tax year ending december 31 2024 substantiation of the four part test the service questioned whether the software development costs associated with our e clinical trial management system met the statutory requirements for the r d credit 1 permitted purpose the project aimed to create a new proprietary algorithm for real time anonymization of patient data improving overall trial efficiency and data security 2 elimination of uncertainty at the project s inception there was technical uncertainty regarding whether our existing database architecture could handle the latency requirements of the new encryption standard 3 process of experimentation exhibit a contains the agile sprint logs and jira tickets detailing the iterative testing simulation and systemic failures encountered before the final build was stabilized 4 technological in nature the development fundamentally relied on principles of computer science and cryptographic engineering capitalization under section 174 we affirm that all related domestic software development costs totaling 12 5 million were properly capitalized and amortized over 60 months in a ordance with the amended provisions of irc section 174 we request a conference with the examination team upon your review of these materials to discuss dropping the proposed adjustments synthetic dataset category finance doc id doc fin 035
contracts,independent contractor agreement independent contractor agreement this independent contractor agreement the agreement is made effective as of 10 may 2025 by and between horizon properties client and cameron davis contractor 1 services provided client hereby engages contractor to provide consulting and advisory services related to strategic business development the services contractor agrees to perform these services in a professional and diligent manner adhering to industry standards 2 compensation in consideration for the services client shall pay contractor a flat fee of 132 000 00 payments shall be made in monthly installments upon receipt of an itemized invoice contractor shall be responsible for all out of pocket expenses incurred unless otherwise approved in advance by client 3 independent contractor status it is expressly understood that contractor is an independent contractor and not an employee agent or partner of client contractor is solely responsible for all taxes withholdings and insurance associated with the compensation received under this agreement contractor is not entitled to any employee benefits provided by client 4 intellectual prope y any work product reports or materials developed by contractor in connection with the services shall be the exclusive property of client contractor hereby assigns all rights title and interest in such work product to client without further compensation 5 confidentiality contractor agrees to hold all proprietary information of client in strict confidence and not to disclose such information to any third party this obligation shall survive the termination of this agreement 6 term and termination this agreement shall commence on 10 may 2025 and continue until the services are completed either party may terminate this agreement with thirty 30 days prior written notice upon termination client shall pay contractor for all services satisfactorily performed up to the date of termination 7 governing law this agreement shall be governed by and construed in a ordance with the laws of the state of texas synthetic dataset category contracts page 1
contracts,commercial lease agreement commercial lease agreement this commercial lease agreement the lease is entered into on 27 november 2025 by and between aegis consulting landlord and crestview financial tenant 1 premises landlord hereby leases to tenant and tenant hereby leases from landlord the commercial space located at 100 main street suite 400 illinois the premises the premises consists of approximately 4476 rentable square feet 2 term the initial term of this lease shall be 6 years commencing on 27 november 2025 tenant shall have the option to renew this lease for one additional 4 year term provided written notice is given at least 90 days prior to the expiration of the initial term 3 rent tenant agrees to pay landlord an annual base rent of 373 000 00 payable in equal monthly installments on the first day of each calendar month rent shall increase by 4 annually on the anniversary of the commencement date 4 operating expenses this lease is a triple net nnn lease tenant shall be responsible for paying its proportionate share of the building s operating expenses including real estate taxes property insurance and common area maintenance cam charges 5 use of premises the premises shall be used exclusively for general office and administrative purposes tenant shall not use the premises for any unlawful or hazardous purpose 6 maintenance and repairs tenant shall maintain the interior of the premises in good condition and repair landlord shall be responsible for maintaining the roof exterior walls and structural foundations of the building 7 default if tenant fails to pay rent when due or breaches any other provision of this lease landlord may after providing 15 days written notice terminate the lease and take possession of the premises synthetic dataset category contracts page 2
contracts,non disclosure agreement nda non disclosure agreement nda mutual non disclosure agreement this mutual non disclosure agreement the agreement is entered into as of 8 october 2027 by and between starlight manufacturing a california corporation and vanguard logistics a washington corporation collectively the parties 1 purpose the parties wish to explore a potential strategic business transaction the purpose in connection with the purpose each party the disclosing party may disclose certain confidential and proprietary information to the other party the receiving party 2 confidential information confidential information means any non public information technical data or know how including but not limited to research product plans products services customers markets software developments inventions processes formulas technology designs drawings engineering hardware configuration information marketing finances or other business information disclosed by the disclosing party 3 non use and non disclosure the receiving party agrees not to use any confidential information for any purpose except to evaluate and engage in discussions concerning the purpose the receiving party agrees not to disclose any confidential information to third parties or to its employees except to those employees who are required to have the information in order to evaluate or engage in discussions concerning the purpose 4 maintenance of confidentiality the receiving party shall take reasonable measures to protect the secrecy of and avoid disclosure and unauthorized use of the confidential information 5 no obligation nothing herein shall obligate either party to proceed with any transaction between them and each party reserves the right in its sole discretion to terminate the discussions contemplated by this agreement concerning the purpose 6 term the obligations of the receiving party under this agreement shall survive until such time as all confidential information of the other party disclosed hereunder becomes publicly known and made generally available through no action or inaction of the receiving party synthetic dataset category contracts page 3
contracts,software as a service saas agreement software as a service saas agreement software as a service saas subscription agreement this saas agreement the agreement is made effective 22 april 2025 by and between zenith media group provider and apex innovations llc customer 1 services provider grants customer a non exclusive non transferable license to a ess and use provider s proprietary cloud based software platform the service during the term the service is hosted on provider s servers and a essed via the internet 2 subscription fees customer shall pay provider the annual subscription fee of 484 000 00 invoices are payable net thirty 30 days from the invoice date late payments will incur interest at a rate of 1 5 per month 3 data privacy and security provider will maintain robust administrative physical and technical safeguards for the protection of the security confidentiality and integrity of customer data provider will not modify disclose or a ess customer data except as required to provide the service or to prevent technical issues 4 intellectual prope y provider retains all rights title and interest in and to the service including all related intellectual property rights customer retains all rights title and interest in and to all customer data imported into the service 5 term and termination this agreement commences on the effective date and continues for a period of twelve 12 months the initial term it will automatically renew for su essive twelve 12 month periods unless either party gives written notice of non renewal at least sixty 60 days before the end of the current term 6 limitation of liability in no event shall either party s aggregate liability arising out of or related to this agreement exceed the total amount paid by customer hereunder in the twelve 12 months preceding the incident giving rise to the liability synthetic dataset category contracts page 4
contracts,master services agreement master services agreement master services agreement this master services agreement msa is dated 13 october 2024 between starlight manufacturing client and crestview financial consultant 1 scope of services consultant agrees to provide it infrastructure and support services the services to client as detailed in one or more statements of work each a sow executed by the parties each sow is incorporated into this msa by reference 2 performance standards consultant warrants that the services will be performed in a professional and workmanlike manner in a ordance with generally a epted industry standards and practices if the services do not conform to this warranty client must notify consultant within 30 days and consultant will re perform the non conforming services at no additional cost 3 payment terms client will pay consultant the fees specified in each sow unless otherwise stated in a sow consultant will invoice client monthly client agrees to pay undisputed invoice amounts within forty five 45 days of receipt 4 confidentiality both parties agree to maintain the confidentiality of all proprietary information disclosed during the term of this msa confidential information shall not be used for any purpose other than fulfilling the obligations under this msa 5 indemnification consultant agrees to indemnify and hold client harmless from any claims damages or expenses arising from consultant s gross negligence willful misconduct or infringement of third party intellectual property rights in the performance of the services 6 governing law this msa and any sows shall be governed by the laws of oregon any disputes arising from this agreement shall be resolved through binding arbitration in oregon in a ordance with the rules of the american arbitration association synthetic dataset category contracts page 5
contracts,asset purchase agreement asset purchase agreement asset purchase agreement this asset purchase agreement the agreement is entered into on 6 september 2024 by and between zenith media group seller and starlight manufacturing buyer 1 purchase and sale of assets subject to the terms and conditions of this agreement seller agrees to sell assign and transfer to buyer and buyer agrees to purchase from seller all of seller s right title and interest in and to the assets described in exhibit a the purchased assets the purchased assets include machinery inventory and specific intellectual property 2 purchase price the total purchase price for the purchased assets is 393 000 00 the purchase price the purchase price shall be allocated among the purchased assets as specified in exhibit b buyer shall pay the purchase price to seller via wire transfer of immediately available funds on the closing date 3 assumption of liabilities buyer is not assuming any debts obligations or liabilities of seller whether known or unknown absolute or contingent except for those specific liabilities explicitly listed in exhibit c 4 closing the consummation of the transactions contemplated by this agreement the closing shall take place at the offices of seller s legal counsel on or before 23 january 2025 or at such other time and place as the parties may mutually agree 5 representations and warranties seller represents and warrants that it has good and marketable title to the purchased assets free and clear of all liens and encumbrances seller has full corporate power and authority to execute and deliver this agreement and to carry out the transactions contemplated hereby 6 indemnification seller shall indemnify and hold buyer harmless from any losses damages or liabilities arising out of any breach of seller s representations warranties or covenants contained in this agreement synthetic dataset category contracts page 6
contracts,service level agreement sla service level agreement sla service level agreement this service level agreement sla is entered into by zenith media group provider and starlight manufacturing client on 16 january 2025 acting as an addendum to the existing master services agreement between the parties 1 service commitment provider commits to providing a monthly uptime percentage of at least 99 9 for the hosted e commerce platform the service if provider does not meet the service commitment client will be eligible to receive a service credit as described below 2 definitions monthly uptime percentage is calculated by subtracting from 100 the percentage of minutes during the month in which the service was unavailable downtime is defined as any period where the service is completely ina essible to end users excluding scheduled maintenance 3 service credits if the monthly uptime percentage is between 99 0 and 99 89 client will receive a service credit equal to 10 of the monthly billing cycle fee if the monthly uptime percentage drops below 99 0 client will receive a service credit equal to 25 of the monthly billing cycle fee service credits will be applied to future invoices and may not be exchanged for cash refunds 4 scheduled maintenance provider will perform routine maintenance on the service between the hours of 2 00 am and 5 00 am eastern time on sundays provider will notify client at least 48 hours in advance of any maintenance expected to cause downtime 5 exclusions the service commitment does not apply to any downtime resulting from i client s equipment software or network infrastructure ii force majeure events or iii actions or inactions of client or third parties acting on client s behalf synthetic dataset category contracts page 7
contracts,joint venture agreement joint venture agreement joint venture agreement this joint venture agreement the agreement is made on 8 february 2027 by and between aegis consulting party a and meridian health solutions party b collectively referred to as the parties 1 formation the parties hereby form a joint venture the joint venture to jointly develop and market a new enterprise software platform tailored for the healthcare industry the joint venture shall operate under the name aegis meridian innovations 2 contributions party a shall contribute an initial capital amount of 98 000 00 and provide a ess to its proprietary machine learning algorithms party b shall contribute 98 000 00 and provide dedicated marketing sales and distribution channels within the healthcare sector 3 ownership and profit sharing the parties shall have an equal fifty percent 50 ownership interest in the joint venture all net profits and net losses generated by the joint venture shall be allocated equally between party a and party b calculated on a quarterly basis 4 management the joint venture shall be managed by a management committee consisting of four 4 members party a and party b shall each appoint two 2 members all strategic decisions budget approvals and major expenditures must be approved by a unanimous vote of the management committee 5 intellectual prope y any new intellectual property developed exclusively by the joint venture shall be jointly owned by both parties existing intellectual property brought into the joint venture by a party remains the sole property of that contributing party 6 duration and termination the joint venture shall commence on the date of this agreement and continue for a period of five 5 years it may be dissolved earlier by mutual written consent or upon the material breach of this agreement by either party synthetic dataset category contracts page 10
contracts,independent contractor agreement independent contractor agreement this independent contractor agreement the agreement is made effective as of 11 january 2026 by and between horizon properties client and david lin contractor 1 services provided client hereby engages contractor to provide consulting and advisory services related to strategic business development the services contractor agrees to perform these services in a professional and diligent manner adhering to industry standards 2 compensation in consideration for the services client shall pay contractor a flat fee of 398 000 00 payments shall be made in monthly installments upon receipt of an itemized invoice contractor shall be responsible for all out of pocket expenses incurred unless otherwise approved in advance by client 3 independent contractor status it is expressly understood that contractor is an independent contractor and not an employee agent or partner of client contractor is solely responsible for all taxes withholdings and insurance associated with the compensation received under this agreement contractor is not entitled to any employee benefits provided by client 4 intellectual prope y any work product reports or materials developed by contractor in connection with the services shall be the exclusive property of client contractor hereby assigns all rights title and interest in such work product to client without further compensation 5 confidentiality contractor agrees to hold all proprietary information of client in strict confidence and not to disclose such information to any third party this obligation shall survive the termination of this agreement 6 term and termination this agreement shall commence on 11 january 2026 and continue until the services are completed either party may terminate this agreement with thirty 30 days prior written notice upon termination client shall pay contractor for all services satisfactorily performed up to the date of termination 7 governing law this agreement shall be governed by and construed in a ordance with the laws of the state of florida synthetic dataset category contracts page 11
contracts,commercial lease agreement commercial lease agreement this commercial lease agreement the lease is entered into on 28 april 2025 by and between crestview financial landlord and quantum dynamics inc tenant 1 premises landlord hereby leases to tenant and tenant hereby leases from landlord the commercial space located at 100 main street suite 400 oregon the premises the premises consists of approximately 4474 rentable square feet 2 term the initial term of this lease shall be 8 years commencing on 28 april 2025 tenant shall have the option to renew this lease for one additional 3 year term provided written notice is given at least 90 days prior to the expiration of the initial term 3 rent tenant agrees to pay landlord an annual base rent of 395 000 00 payable in equal monthly installments on the first day of each calendar month rent shall increase by 5 annually on the anniversary of the commencement date 4 operating expenses this lease is a triple net nnn lease tenant shall be responsible for paying its proportionate share of the building s operating expenses including real estate taxes property insurance and common area maintenance cam charges 5 use of premises the premises shall be used exclusively for general office and administrative purposes tenant shall not use the premises for any unlawful or hazardous purpose 6 maintenance and repairs tenant shall maintain the interior of the premises in good condition and repair landlord shall be responsible for maintaining the roof exterior walls and structural foundations of the building 7 default if tenant fails to pay rent when due or breaches any other provision of this lease landlord may after providing 15 days written notice terminate the lease and take possession of the premises synthetic dataset category contracts page 12
contracts,non disclosure agreement nda non disclosure agreement nda mutual non disclosure agreement this mutual non disclosure agreement the agreement is entered into as of 28 november 2025 by and between quantum dynamics inc a massachusetts corporation and crestview financial a nevada corporation collectively the parties 1 purpose the parties wish to explore a potential strategic business transaction the purpose in connection with the purpose each party the disclosing party may disclose certain confidential and proprietary information to the other party the receiving party 2 confidential information confidential information means any non public information technical data or know how including but not limited to research product plans products services customers markets software developments inventions processes formulas technology designs drawings engineering hardware configuration information marketing finances or other business information disclosed by the disclosing party 3 non use and non disclosure the receiving party agrees not to use any confidential information for any purpose except to evaluate and engage in discussions concerning the purpose the receiving party agrees not to disclose any confidential information to third parties or to its employees except to those employees who are required to have the information in order to evaluate or engage in discussions concerning the purpose 4 maintenance of confidentiality the receiving party shall take reasonable measures to protect the secrecy of and avoid disclosure and unauthorized use of the confidential information 5 no obligation nothing herein shall obligate either party to proceed with any transaction between them and each party reserves the right in its sole discretion to terminate the discussions contemplated by this agreement concerning the purpose 6 term the obligations of the receiving party under this agreement shall survive until such time as all confidential information of the other party disclosed hereunder becomes publicly known and made generally available through no action or inaction of the receiving party synthetic dataset category contracts page 13
contracts,software as a service saas agreement software as a service saas agreement software as a service saas subscription agreement this saas agreement the agreement is made effective 19 may 2025 by and between apex innovations llc provider and meridian health solutions customer 1 services provider grants customer a non exclusive non transferable license to a ess and use provider s proprietary cloud based software platform the service during the term the service is hosted on provider s servers and a essed via the internet 2 subscription fees customer shall pay provider the annual subscription fee of 300 000 00 invoices are payable net thirty 30 days from the invoice date late payments will incur interest at a rate of 1 5 per month 3 data privacy and security provider will maintain robust administrative physical and technical safeguards for the protection of the security confidentiality and integrity of customer data provider will not modify disclose or a ess customer data except as required to provide the service or to prevent technical issues 4 intellectual prope y provider retains all rights title and interest in and to the service including all related intellectual property rights customer retains all rights title and interest in and to all customer data imported into the service 5 term and termination this agreement commences on the effective date and continues for a period of twelve 12 months the initial term it will automatically renew for su essive twelve 12 month periods unless either party gives written notice of non renewal at least sixty 60 days before the end of the current term 6 limitation of liability in no event shall either party s aggregate liability arising out of or related to this agreement exceed the total amount paid by customer hereunder in the twelve 12 months preceding the incident giving rise to the liability synthetic dataset category contracts page 14
contracts,master services agreement master services agreement master services agreement this master services agreement msa is dated 23 march 2024 between silverline tech client and zenith media group consultant 1 scope of services consultant agrees to provide it infrastructure and support services the services to client as detailed in one or more statements of work each a sow executed by the parties each sow is incorporated into this msa by reference 2 performance standards consultant warrants that the services will be performed in a professional and workmanlike manner in a ordance with generally a epted industry standards and practices if the services do not conform to this warranty client must notify consultant within 30 days and consultant will re perform the non conforming services at no additional cost 3 payment terms client will pay consultant the fees specified in each sow unless otherwise stated in a sow consultant will invoice client monthly client agrees to pay undisputed invoice amounts within forty five 45 days of receipt 4 confidentiality both parties agree to maintain the confidentiality of all proprietary information disclosed during the term of this msa confidential information shall not be used for any purpose other than fulfilling the obligations under this msa 5 indemnification consultant agrees to indemnify and hold client harmless from any claims damages or expenses arising from consultant s gross negligence willful misconduct or infringement of third party intellectual property rights in the performance of the services 6 governing law this msa and any sows shall be governed by the laws of california any disputes arising from this agreement shall be resolved through binding arbitration in california in a ordance with the rules of the american arbitration association synthetic dataset category contracts page 15
contracts,asset purchase agreement asset purchase agreement asset purchase agreement this asset purchase agreement the agreement is entered into on 19 march 2024 by and between starlight manufacturing seller and crestview financial buyer 1 purchase and sale of assets subject to the terms and conditions of this agreement seller agrees to sell assign and transfer to buyer and buyer agrees to purchase from seller all of seller s right title and interest in and to the assets described in exhibit a the purchased assets the purchased assets include machinery inventory and specific intellectual property 2 purchase price the total purchase price for the purchased assets is 180 000 00 the purchase price the purchase price shall be allocated among the purchased assets as specified in exhibit b buyer shall pay the purchase price to seller via wire transfer of immediately available funds on the closing date 3 assumption of liabilities buyer is not assuming any debts obligations or liabilities of seller whether known or unknown absolute or contingent except for those specific liabilities explicitly listed in exhibit c 4 closing the consummation of the transactions contemplated by this agreement the closing shall take place at the offices of seller s legal counsel on or before 9 november 2024 or at such other time and place as the parties may mutually agree 5 representations and warranties seller represents and warrants that it has good and marketable title to the purchased assets free and clear of all liens and encumbrances seller has full corporate power and authority to execute and deliver this agreement and to carry out the transactions contemplated hereby 6 indemnification seller shall indemnify and hold buyer harmless from any losses damages or liabilities arising out of any breach of seller s representations warranties or covenants contained in this agreement synthetic dataset category contracts page 16
contracts,service level agreement sla service level agreement sla service level agreement this service level agreement sla is entered into by zenith media group provider and crestview financial client on 24 february 2024 acting as an addendum to the existing master services agreement between the parties 1 service commitment provider commits to providing a monthly uptime percentage of at least 99 9 for the hosted e commerce platform the service if provider does not meet the service commitment client will be eligible to receive a service credit as described below 2 definitions monthly uptime percentage is calculated by subtracting from 100 the percentage of minutes during the month in which the service was unavailable downtime is defined as any period where the service is completely ina essible to end users excluding scheduled maintenance 3 service credits if the monthly uptime percentage is between 99 0 and 99 89 client will receive a service credit equal to 10 of the monthly billing cycle fee if the monthly uptime percentage drops below 99 0 client will receive a service credit equal to 25 of the monthly billing cycle fee service credits will be applied to future invoices and may not be exchanged for cash refunds 4 scheduled maintenance provider will perform routine maintenance on the service between the hours of 2 00 am and 5 00 am eastern time on sundays provider will notify client at least 48 hours in advance of any maintenance expected to cause downtime 5 exclusions the service commitment does not apply to any downtime resulting from i client s equipment software or network infrastructure ii force majeure events or iii actions or inactions of client or third parties acting on client s behalf synthetic dataset category contracts page 17
contracts,vendor agreement vendor agreement vendor and supplier agreement this vendor agreement the agreement is effective as of 23 november 2024 between aegis consulting purchaser and zenith media group vendor 1 goods and services vendor agrees to supply purchaser with raw materials and components the goods as specified in individual purchase orders issued by purchaser vendor shall ensure that all goods strictly conform to the quality specifications and technical requirements detailed in exhibit a 2 pricing and payment purchaser agrees to pay vendor for the goods in a ordance with the pricing schedule set forth in exhibit b total annual spend under this agreement is estimated not to exceed 28 000 00 payment terms are net 60 days from the date of a valid and a urate invoice 3 delivery and risk of loss vendor shall deliver the goods to purchaser s manufacturing facility located in oregon delivery shall be made ddp delivered duty paid title and risk of loss shall pass to purchaser upon physical delivery and preliminary inspection of the goods at the destination facility 4 warranties vendor warrants that all goods supplied will be free from defects in materials and workmanship for a period of twelve 12 months from the date of delivery if any goods are found to be defective vendor shall at purchaser s option either replace the defective goods or issue a full refund 5 compliance with laws vendor represents and warrants that it complies with all applicable federal state and local laws regulations and industry standards including those related to labor safety and environmental protection 6 termination purchaser may terminate this agreement for convenience with thirty 30 days written notice to vendor in the event of material breach either party may terminate immediately if the breach is not cured within fifteen 15 days of written notice synthetic dataset category contracts page 18
contracts,employment agreement employment agreement executive employment agreement this executive employment agreement the agreement is made effective as of 9 april 2025 between zenith media group the company and arthur pendelton the executive 1 position and duties the company agrees to employ the executive as chief financial officer cfo the executive shall have the responsibilities and duties commensurate with such position and shall report directly to the chief executive officer executive agrees to devote their full full time professional efforts to the business of the company 2 compensation the executive shall receive a base salary of 396 000 00 per year payable in a ordance with the company s standard payroll practices the executive will also be eligible for an annual performance bonus of up to 40 of their base salary dependent upon the achievement of corporate ebitda targets 3 equity awards subject to the approval of the board of directors the executive shall be granted stock options to purchase 50 000 shares of the company s common stock these options will vest over a four year period with a one year cliff 4 benefits the executive shall be entitled to participate in all employee benefit plans offered by the company including health insurance 401 k matching and life insurance executive shall a rue 25 days of paid time off pto annually 5 severance if the executive s employment is terminated by the company without cause as defined herein the executive shall be entitled to receive a severance payment equal to six 6 months of base salary plus the continuation of health benefits for the same period 6 restrictive covenants during the term of employment and for twelve 12 months following termination the executive shall not directly or indirectly compete with the company nor solicit any employees or customers of the company synthetic dataset category contracts page 19
contracts,joint venture agreement joint venture agreement joint venture agreement this joint venture agreement the agreement is made on 14 may 2026 by and between apex innovations llc party a and starlight manufacturing party b collectively referred to as the parties 1 formation the parties hereby form a joint venture the joint venture to jointly develop and market a new enterprise software platform tailored for the healthcare industry the joint venture shall operate under the name apex starlight innovations 2 contributions party a shall contribute an initial capital amount of 135 000 00 and provide a ess to its proprietary machine learning algorithms party b shall contribute 135 000 00 and provide dedicated marketing sales and distribution channels within the healthcare sector 3 ownership and profit sharing the parties shall have an equal fifty percent 50 ownership interest in the joint venture all net profits and net losses generated by the joint venture shall be allocated equally between party a and party b calculated on a quarterly basis 4 management the joint venture shall be managed by a management committee consisting of four 4 members party a and party b shall each appoint two 2 members all strategic decisions budget approvals and major expenditures must be approved by a unanimous vote of the management committee 5 intellectual prope y any new intellectual property developed exclusively by the joint venture shall be jointly owned by both parties existing intellectual property brought into the joint venture by a party remains the sole property of that contributing party 6 duration and termination the joint venture shall commence on the date of this agreement and continue for a period of five 5 years it may be dissolved earlier by mutual written consent or upon the material breach of this agreement by either party synthetic dataset category contracts page 20
contracts,joint venture agreement joint venture agreement joint venture agreement this joint venture agreement the agreement is made on 14 may 2026 by and between apex innovations llc party a and starlight manufacturing party b collectively referred to as the parties 1 formation the parties hereby form a joint venture the joint venture to jointly develop and market a new enterprise software platform tailored for the healthcare industry the joint venture shall operate under the name apex starlight innovations 2 contributions party a shall contribute an initial capital amount of 135 000 00 and provide a ess to its proprietary machine learning algorithms party b shall contribute 135 000 00 and provide dedicated marketing sales and distribution channels within the healthcare sector 3 ownership and profit sharing the parties shall have an equal fifty percent 50 ownership interest in the joint venture all net profits and net losses generated by the joint venture shall be allocated equally between party a and party b calculated on a quarterly basis 4 management the joint venture shall be managed by a management committee consisting of four 4 members party a and party b shall each appoint two 2 members all strategic decisions budget approvals and major expenditures must be approved by a unanimous vote of the management committee 5 intellectual prope y any new intellectual property developed exclusively by the joint venture shall be jointly owned by both parties existing intellectual property brought into the joint venture by a party remains the sole property of that contributing party 6 duration and termination the joint venture shall commence on the date of this agreement and continue for a period of five 5 years it may be dissolved earlier by mutual written consent or upon the material breach of this agreement by either party synthetic dataset category contracts page 20
contracts,independent contractor agreement independent contractor agreement this independent contractor agreement the agreement is made effective as of 4 december 2025 by and between quantum dynamics inc client and michael thorne contractor 1 services provided client hereby engages contractor to provide consulting and advisory services related to strategic business development the services contractor agrees to perform these services in a professional and diligent manner adhering to industry standards 2 compensation in consideration for the services client shall pay contractor a flat fee of 339 000 00 payments shall be made in monthly installments upon receipt of an itemized invoice contractor shall be responsible for all out of pocket expenses incurred unless otherwise approved in advance by client 3 independent contractor status it is expressly understood that contractor is an independent contractor and not an employee agent or partner of client contractor is solely responsible for all taxes withholdings and insurance associated with the compensation received under this agreement contractor is not entitled to any employee benefits provided by client 4 intellectual prope y any work product reports or materials developed by contractor in connection with the services shall be the exclusive property of client contractor hereby assigns all rights title and interest in such work product to client without further compensation 5 confidentiality contractor agrees to hold all proprietary information of client in strict confidence and not to disclose such information to any third party this obligation shall survive the termination of this agreement 6 term and termination this agreement shall commence on 4 december 2025 and continue until the services are completed either party may terminate this agreement with thirty 30 days prior written notice upon termination client shall pay contractor for all services satisfactorily performed up to the date of termination 7 governing law this agreement shall be governed by and construed in a ordance with the laws of the state of washington synthetic dataset category contracts page 21
contracts,commercial lease agreement commercial lease agreement this commercial lease agreement the lease is entered into on 5 june 2025 by and between quantum dynamics inc landlord and vanguard logistics tenant 1 premises landlord hereby leases to tenant and tenant hereby leases from landlord the commercial space located at 100 main street suite 400 washington the premises the premises consists of approximately 3028 rentable square feet 2 term the initial term of this lease shall be 7 years commencing on 5 june 2025 tenant shall have the option to renew this lease for one additional 3 year term provided written notice is given at least 90 days prior to the expiration of the initial term 3 rent tenant agrees to pay landlord an annual base rent of 488 000 00 payable in equal monthly installments on the first day of each calendar month rent shall increase by 4 annually on the anniversary of the commencement date 4 operating expenses this lease is a triple net nnn lease tenant shall be responsible for paying its proportionate share of the building s operating expenses including real estate taxes property insurance and common area maintenance cam charges 5 use of premises the premises shall be used exclusively for general office and administrative purposes tenant shall not use the premises for any unlawful or hazardous purpose 6 maintenance and repairs tenant shall maintain the interior of the premises in good condition and repair landlord shall be responsible for maintaining the roof exterior walls and structural foundations of the building 7 default if tenant fails to pay rent when due or breaches any other provision of this lease landlord may after providing 15 days written notice terminate the lease and take possession of the premises synthetic dataset category contracts page 22
contracts,non disclosure agreement nda non disclosure agreement nda mutual non disclosure agreement this mutual non disclosure agreement the agreement is entered into as of 14 september 2024 by and between meridian health solutions a new york corporation and apex innovations llc a washington corporation collectively the parties 1 purpose the parties wish to explore a potential strategic business transaction the purpose in connection with the purpose each party the disclosing party may disclose certain confidential and proprietary information to the other party the receiving party 2 confidential information confidential information means any non public information technical data or know how including but not limited to research product plans products services customers markets software developments inventions processes formulas technology designs drawings engineering hardware configuration information marketing finances or other business information disclosed by the disclosing party 3 non use and non disclosure the receiving party agrees not to use any confidential information for any purpose except to evaluate and engage in discussions concerning the purpose the receiving party agrees not to disclose any confidential information to third parties or to its employees except to those employees who are required to have the information in order to evaluate or engage in discussions concerning the purpose 4 maintenance of confidentiality the receiving party shall take reasonable measures to protect the secrecy of and avoid disclosure and unauthorized use of the confidential information 5 no obligation nothing herein shall obligate either party to proceed with any transaction between them and each party reserves the right in its sole discretion to terminate the discussions contemplated by this agreement concerning the purpose 6 term the obligations of the receiving party under this agreement shall survive until such time as all confidential information of the other party disclosed hereunder becomes publicly known and made generally available through no action or inaction of the receiving party synthetic dataset category contracts page 23
contracts,software as a service saas agreement software as a service saas agreement software as a service saas subscription agreement this saas agreement the agreement is made effective 28 april 2024 by and between aegis consulting provider and quantum dynamics inc customer 1 services provider grants customer a non exclusive non transferable license to a ess and use provider s proprietary cloud based software platform the service during the term the service is hosted on provider s servers and a essed via the internet 2 subscription fees customer shall pay provider the annual subscription fee of 73 000 00 invoices are payable net thirty 30 days from the invoice date late payments will incur interest at a rate of 1 5 per month 3 data privacy and security provider will maintain robust administrative physical and technical safeguards for the protection of the security confidentiality and integrity of customer data provider will not modify disclose or a ess customer data except as required to provide the service or to prevent technical issues 4 intellectual prope y provider retains all rights title and interest in and to the service including all related intellectual property rights customer retains all rights title and interest in and to all customer data imported into the service 5 term and termination this agreement commences on the effective date and continues for a period of twelve 12 months the initial term it will automatically renew for su essive twelve 12 month periods unless either party gives written notice of non renewal at least sixty 60 days before the end of the current term 6 limitation of liability in no event shall either party s aggregate liability arising out of or related to this agreement exceed the total amount paid by customer hereunder in the twelve 12 months preceding the incident giving rise to the liability synthetic dataset category contracts page 24
contracts,master services agreement master services agreement master services agreement this master services agreement msa is dated 15 january 2027 between crestview financial client and zenith media group consultant 1 scope of services consultant agrees to provide it infrastructure and support services the services to client as detailed in one or more statements of work each a sow executed by the parties each sow is incorporated into this msa by reference 2 performance standards consultant warrants that the services will be performed in a professional and workmanlike manner in a ordance with generally a epted industry standards and practices if the services do not conform to this warranty client must notify consultant within 30 days and consultant will re perform the non conforming services at no additional cost 3 payment terms client will pay consultant the fees specified in each sow unless otherwise stated in a sow consultant will invoice client monthly client agrees to pay undisputed invoice amounts within forty five 45 days of receipt 4 confidentiality both parties agree to maintain the confidentiality of all proprietary information disclosed during the term of this msa confidential information shall not be used for any purpose other than fulfilling the obligations under this msa 5 indemnification consultant agrees to indemnify and hold client harmless from any claims damages or expenses arising from consultant s gross negligence willful misconduct or infringement of third party intellectual property rights in the performance of the services 6 governing law this msa and any sows shall be governed by the laws of texas any disputes arising from this agreement shall be resolved through binding arbitration in texas in a ordance with the rules of the american arbitration association synthetic dataset category contracts page 25
contracts,asset purchase agreement asset purchase agreement asset purchase agreement this asset purchase agreement the agreement is entered into on 15 october 2024 by and between quantum dynamics inc seller and meridian health solutions buyer 1 purchase and sale of assets subject to the terms and conditions of this agreement seller agrees to sell assign and transfer to buyer and buyer agrees to purchase from seller all of seller s right title and interest in and to the assets described in exhibit a the purchased assets the purchased assets include machinery inventory and specific intellectual property 2 purchase price the total purchase price for the purchased assets is 267 000 00 the purchase price the purchase price shall be allocated among the purchased assets as specified in exhibit b buyer shall pay the purchase price to seller via wire transfer of immediately available funds on the closing date 3 assumption of liabilities buyer is not assuming any debts obligations or liabilities of seller whether known or unknown absolute or contingent except for those specific liabilities explicitly listed in exhibit c 4 closing the consummation of the transactions contemplated by this agreement the closing shall take place at the offices of seller s legal counsel on or before 8 april 2025 or at such other time and place as the parties may mutually agree 5 representations and warranties seller represents and warrants that it has good and marketable title to the purchased assets free and clear of all liens and encumbrances seller has full corporate power and authority to execute and deliver this agreement and to carry out the transactions contemplated hereby 6 indemnification seller shall indemnify and hold buyer harmless from any losses damages or liabilities arising out of any breach of seller s representations warranties or covenants contained in this agreement synthetic dataset category contracts page 26
contracts,service level agreement sla service level agreement sla service level agreement this service level agreement sla is entered into by starlight manufacturing provider and apex innovations llc client on 18 may 2025 acting as an addendum to the existing master services agreement between the parties 1 service commitment provider commits to providing a monthly uptime percentage of at least 99 9 for the hosted e commerce platform the service if provider does not meet the service commitment client will be eligible to receive a service credit as described below 2 definitions monthly uptime percentage is calculated by subtracting from 100 the percentage of minutes during the month in which the service was unavailable downtime is defined as any period where the service is completely ina essible to end users excluding scheduled maintenance 3 service credits if the monthly uptime percentage is between 99 0 and 99 89 client will receive a service credit equal to 10 of the monthly billing cycle fee if the monthly uptime percentage drops below 99 0 client will receive a service credit equal to 25 of the monthly billing cycle fee service credits will be applied to future invoices and may not be exchanged for cash refunds 4 scheduled maintenance provider will perform routine maintenance on the service between the hours of 2 00 am and 5 00 am eastern time on sundays provider will notify client at least 48 hours in advance of any maintenance expected to cause downtime 5 exclusions the service commitment does not apply to any downtime resulting from i client s equipment software or network infrastructure ii force majeure events or iii actions or inactions of client or third parties acting on client s behalf synthetic dataset category contracts page 27
contracts,vendor agreement vendor agreement vendor and supplier agreement this vendor agreement the agreement is effective as of 5 june 2025 between apex innovations llc purchaser and quantum dynamics inc vendor 1 goods and services vendor agrees to supply purchaser with raw materials and components the goods as specified in individual purchase orders issued by purchaser vendor shall ensure that all goods strictly conform to the quality specifications and technical requirements detailed in exhibit a 2 pricing and payment purchaser agrees to pay vendor for the goods in a ordance with the pricing schedule set forth in exhibit b total annual spend under this agreement is estimated not to exceed 413 000 00 payment terms are net 60 days from the date of a valid and a urate invoice 3 delivery and risk of loss vendor shall deliver the goods to purchaser s manufacturing facility located in new york delivery shall be made ddp delivered duty paid title and risk of loss shall pass to purchaser upon physical delivery and preliminary inspection of the goods at the destination facility 4 warranties vendor warrants that all goods supplied will be free from defects in materials and workmanship for a period of twelve 12 months from the date of delivery if any goods are found to be defective vendor shall at purchaser s option either replace the defective goods or issue a full refund 5 compliance with laws vendor represents and warrants that it complies with all applicable federal state and local laws regulations and industry standards including those related to labor safety and environmental protection 6 termination purchaser may terminate this agreement for convenience with thirty 30 days written notice to vendor in the event of material breach either party may terminate immediately if the breach is not cured within fifteen 15 days of written notice synthetic dataset category contracts page 28
contracts,employment agreement employment agreement executive employment agreement this executive employment agreement the agreement is made effective as of 8 october 2024 between vanguard logistics the company and david lin the executive 1 position and duties the company agrees to employ the executive as chief financial officer cfo the executive shall have the responsibilities and duties commensurate with such position and shall report directly to the chief executive officer executive agrees to devote their full full time professional efforts to the business of the company 2 compensation the executive shall receive a base salary of 124 000 00 per year payable in a ordance with the company s standard payroll practices the executive will also be eligible for an annual performance bonus of up to 40 of their base salary dependent upon the achievement of corporate ebitda targets 3 equity awards subject to the approval of the board of directors the executive shall be granted stock options to purchase 50 000 shares of the company s common stock these options will vest over a four year period with a one year cliff 4 benefits the executive shall be entitled to participate in all employee benefit plans offered by the company including health insurance 401 k matching and life insurance executive shall a rue 25 days of paid time off pto annually 5 severance if the executive s employment is terminated by the company without cause as defined herein the executive shall be entitled to receive a severance payment equal to six 6 months of base salary plus the continuation of health benefits for the same period 6 restrictive covenants during the term of employment and for twelve 12 months following termination the executive shall not directly or indirectly compete with the company nor solicit any employees or customers of the company synthetic dataset category contracts page 29
contracts,joint venture agreement joint venture agreement joint venture agreement this joint venture agreement the agreement is made on 25 february 2026 by and between aegis consulting party a and silverline tech party b collectively referred to as the parties 1 formation the parties hereby form a joint venture the joint venture to jointly develop and market a new enterprise software platform tailored for the healthcare industry the joint venture shall operate under the name aegis silverline innovations 2 contributions party a shall contribute an initial capital amount of 276 000 00 and provide a ess to its proprietary machine learning algorithms party b shall contribute 276 000 00 and provide dedicated marketing sales and distribution channels within the healthcare sector 3 ownership and profit sharing the parties shall have an equal fifty percent 50 ownership interest in the joint venture all net profits and net losses generated by the joint venture shall be allocated equally between party a and party b calculated on a quarterly basis 4 management the joint venture shall be managed by a management committee consisting of four 4 members party a and party b shall each appoint two 2 members all strategic decisions budget approvals and major expenditures must be approved by a unanimous vote of the management committee 5 intellectual prope y any new intellectual property developed exclusively by the joint venture shall be jointly owned by both parties existing intellectual property brought into the joint venture by a party remains the sole property of that contributing party 6 duration and termination the joint venture shall commence on the date of this agreement and continue for a period of five 5 years it may be dissolved earlier by mutual written consent or upon the material breach of this agreement by either party synthetic dataset category contracts page 30
contracts,independent contractor agreement independent contractor agreement this independent contractor agreement the agreement is made effective as of 3 september 2026 by and between aegis consulting client and david lin contractor 1 services provided client hereby engages contractor to provide consulting and advisory services related to strategic business development the services contractor agrees to perform these services in a professional and diligent manner adhering to industry standards 2 compensation in consideration for the services client shall pay contractor a flat fee of 332 000 00 payments shall be made in monthly installments upon receipt of an itemized invoice contractor shall be responsible for all out of pocket expenses incurred unless otherwise approved in advance by client 3 independent contractor status it is expressly understood that contractor is an independent contractor and not an employee agent or partner of client contractor is solely responsible for all taxes withholdings and insurance associated with the compensation received under this agreement contractor is not entitled to any employee benefits provided by client 4 intellectual prope y any work product reports or materials developed by contractor in connection with the services shall be the exclusive property of client contractor hereby assigns all rights title and interest in such work product to client without further compensation 5 confidentiality contractor agrees to hold all proprietary information of client in strict confidence and not to disclose such information to any third party this obligation shall survive the termination of this agreement 6 term and termination this agreement shall commence on 3 september 2026 and continue until the services are completed either party may terminate this agreement with thirty 30 days prior written notice upon termination client shall pay contractor for all services satisfactorily performed up to the date of termination 7 governing law this agreement shall be governed by and construed in a ordance with the laws of the state of massachusetts synthetic dataset category contracts page 31
contracts,commercial lease agreement commercial lease agreement this commercial lease agreement the lease is entered into on 8 may 2026 by and between zenith media group landlord and silverline tech tenant 1 premises landlord hereby leases to tenant and tenant hereby leases from landlord the commercial space located at 100 main street suite 400 delaware the premises the premises consists of approximately 3405 rentable square feet 2 term the initial term of this lease shall be 5 years commencing on 8 may 2026 tenant shall have the option to renew this lease for one additional 5 year term provided written notice is given at least 90 days prior to the expiration of the initial term 3 rent tenant agrees to pay landlord an annual base rent of 98 000 00 payable in equal monthly installments on the first day of each calendar month rent shall increase by 3 annually on the anniversary of the commencement date 4 operating expenses this lease is a triple net nnn lease tenant shall be responsible for paying its proportionate share of the building s operating expenses including real estate taxes property insurance and common area maintenance cam charges 5 use of premises the premises shall be used exclusively for general office and administrative purposes tenant shall not use the premises for any unlawful or hazardous purpose 6 maintenance and repairs tenant shall maintain the interior of the premises in good condition and repair landlord shall be responsible for maintaining the roof exterior walls and structural foundations of the building 7 default if tenant fails to pay rent when due or breaches any other provision of this lease landlord may after providing 15 days written notice terminate the lease and take possession of the premises synthetic dataset category contracts page 32
contracts,non disclosure agreement nda non disclosure agreement nda mutual non disclosure agreement this mutual non disclosure agreement the agreement is entered into as of 21 december 2026 by and between aegis consulting a california corporation and meridian health solutions a california corporation collectively the parties 1 purpose the parties wish to explore a potential strategic business transaction the purpose in connection with the purpose each party the disclosing party may disclose certain confidential and proprietary information to the other party the receiving party 2 confidential information confidential information means any non public information technical data or know how including but not limited to research product plans products services customers markets software developments inventions processes formulas technology designs drawings engineering hardware configuration information marketing finances or other business information disclosed by the disclosing party 3 non use and non disclosure the receiving party agrees not to use any confidential information for any purpose except to evaluate and engage in discussions concerning the purpose the receiving party agrees not to disclose any confidential information to third parties or to its employees except to those employees who are required to have the information in order to evaluate or engage in discussions concerning the purpose 4 maintenance of confidentiality the receiving party shall take reasonable measures to protect the secrecy of and avoid disclosure and unauthorized use of the confidential information 5 no obligation nothing herein shall obligate either party to proceed with any transaction between them and each party reserves the right in its sole discretion to terminate the discussions contemplated by this agreement concerning the purpose 6 term the obligations of the receiving party under this agreement shall survive until such time as all confidential information of the other party disclosed hereunder becomes publicly known and made generally available through no action or inaction of the receiving party synthetic dataset category contracts page 33
contracts,software as a service saas agreement software as a service saas agreement software as a service saas subscription agreement this saas agreement the agreement is made effective 23 january 2025 by and between apex innovations llc provider and crestview financial customer 1 services provider grants customer a non exclusive non transferable license to a ess and use provider s proprietary cloud based software platform the service during the term the service is hosted on provider s servers and a essed via the internet 2 subscription fees customer shall pay provider the annual subscription fee of 265 000 00 invoices are payable net thirty 30 days from the invoice date late payments will incur interest at a rate of 1 5 per month 3 data privacy and security provider will maintain robust administrative physical and technical safeguards for the protection of the security confidentiality and integrity of customer data provider will not modify disclose or a ess customer data except as required to provide the service or to prevent technical issues 4 intellectual prope y provider retains all rights title and interest in and to the service including all related intellectual property rights customer retains all rights title and interest in and to all customer data imported into the service 5 term and termination this agreement commences on the effective date and continues for a period of twelve 12 months the initial term it will automatically renew for su essive twelve 12 month periods unless either party gives written notice of non renewal at least sixty 60 days before the end of the current term 6 limitation of liability in no event shall either party s aggregate liability arising out of or related to this agreement exceed the total amount paid by customer hereunder in the twelve 12 months preceding the incident giving rise to the liability synthetic dataset category contracts page 34
contracts,master services agreement master services agreement master services agreement this master services agreement msa is dated 12 january 2026 between meridian health solutions client and vanguard logistics consultant 1 scope of services consultant agrees to provide it infrastructure and support services the services to client as detailed in one or more statements of work each a sow executed by the parties each sow is incorporated into this msa by reference 2 performance standards consultant warrants that the services will be performed in a professional and workmanlike manner in a ordance with generally a epted industry standards and practices if the services do not conform to this warranty client must notify consultant within 30 days and consultant will re perform the non conforming services at no additional cost 3 payment terms client will pay consultant the fees specified in each sow unless otherwise stated in a sow consultant will invoice client monthly client agrees to pay undisputed invoice amounts within forty five 45 days of receipt 4 confidentiality both parties agree to maintain the confidentiality of all proprietary information disclosed during the term of this msa confidential information shall not be used for any purpose other than fulfilling the obligations under this msa 5 indemnification consultant agrees to indemnify and hold client harmless from any claims damages or expenses arising from consultant s gross negligence willful misconduct or infringement of third party intellectual property rights in the performance of the services 6 governing law this msa and any sows shall be governed by the laws of washington any disputes arising from this agreement shall be resolved through binding arbitration in washington in a ordance with the rules of the american arbitration association synthetic dataset category contracts page 35
contracts,asset purchase agreement asset purchase agreement asset purchase agreement this asset purchase agreement the agreement is entered into on 6 march 2025 by and between apex innovations llc seller and meridian health solutions buyer 1 purchase and sale of assets subject to the terms and conditions of this agreement seller agrees to sell assign and transfer to buyer and buyer agrees to purchase from seller all of seller s right title and interest in and to the assets described in exhibit a the purchased assets the purchased assets include machinery inventory and specific intellectual property 2 purchase price the total purchase price for the purchased assets is 204 000 00 the purchase price the purchase price shall be allocated among the purchased assets as specified in exhibit b buyer shall pay the purchase price to seller via wire transfer of immediately available funds on the closing date 3 assumption of liabilities buyer is not assuming any debts obligations or liabilities of seller whether known or unknown absolute or contingent except for those specific liabilities explicitly listed in exhibit c 4 closing the consummation of the transactions contemplated by this agreement the closing shall take place at the offices of seller s legal counsel on or before 15 may 2026 or at such other time and place as the parties may mutually agree 5 representations and warranties seller represents and warrants that it has good and marketable title to the purchased assets free and clear of all liens and encumbrances seller has full corporate power and authority to execute and deliver this agreement and to carry out the transactions contemplated hereby 6 indemnification seller shall indemnify and hold buyer harmless from any losses damages or liabilities arising out of any breach of seller s representations warranties or covenants contained in this agreement synthetic dataset category contracts page 36
contracts,service level agreement sla service level agreement sla service level agreement this service level agreement sla is entered into by silverline tech provider and starlight manufacturing client on 10 august 2024 acting as an addendum to the existing master services agreement between the parties 1 service commitment provider commits to providing a monthly uptime percentage of at least 99 9 for the hosted e commerce platform the service if provider does not meet the service commitment client will be eligible to receive a service credit as described below 2 definitions monthly uptime percentage is calculated by subtracting from 100 the percentage of minutes during the month in which the service was unavailable downtime is defined as any period where the service is completely ina essible to end users excluding scheduled maintenance 3 service credits if the monthly uptime percentage is between 99 0 and 99 89 client will receive a service credit equal to 10 of the monthly billing cycle fee if the monthly uptime percentage drops below 99 0 client will receive a service credit equal to 25 of the monthly billing cycle fee service credits will be applied to future invoices and may not be exchanged for cash refunds 4 scheduled maintenance provider will perform routine maintenance on the service between the hours of 2 00 am and 5 00 am eastern time on sundays provider will notify client at least 48 hours in advance of any maintenance expected to cause downtime 5 exclusions the service commitment does not apply to any downtime resulting from i client s equipment software or network infrastructure ii force majeure events or iii actions or inactions of client or third parties acting on client s behalf synthetic dataset category contracts page 37
contracts,vendor agreement vendor agreement vendor and supplier agreement this vendor agreement the agreement is effective as of 16 june 2025 between silverline tech purchaser and aegis consulting vendor 1 goods and services vendor agrees to supply purchaser with raw materials and components the goods as specified in individual purchase orders issued by purchaser vendor shall ensure that all goods strictly conform to the quality specifications and technical requirements detailed in exhibit a 2 pricing and payment purchaser agrees to pay vendor for the goods in a ordance with the pricing schedule set forth in exhibit b total annual spend under this agreement is estimated not to exceed 105 000 00 payment terms are net 60 days from the date of a valid and a urate invoice 3 delivery and risk of loss vendor shall deliver the goods to purchaser s manufacturing facility located in texas delivery shall be made ddp delivered duty paid title and risk of loss shall pass to purchaser upon physical delivery and preliminary inspection of the goods at the destination facility 4 warranties vendor warrants that all goods supplied will be free from defects in materials and workmanship for a period of twelve 12 months from the date of delivery if any goods are found to be defective vendor shall at purchaser s option either replace the defective goods or issue a full refund 5 compliance with laws vendor represents and warrants that it complies with all applicable federal state and local laws regulations and industry standards including those related to labor safety and environmental protection 6 termination purchaser may terminate this agreement for convenience with thirty 30 days written notice to vendor in the event of material breach either party may terminate immediately if the breach is not cured within fifteen 15 days of written notice synthetic dataset category contracts page 38
contracts,employment agreement employment agreement executive employment agreement this executive employment agreement the agreement is made effective as of 23 april 2027 between crestview financial the company and elena rostova the executive 1 position and duties the company agrees to employ the executive as chief financial officer cfo the executive shall have the responsibilities and duties commensurate with such position and shall report directly to the chief executive officer executive agrees to devote their full full time professional efforts to the business of the company 2 compensation the executive shall receive a base salary of 324 000 00 per year payable in a ordance with the company s standard payroll practices the executive will also be eligible for an annual performance bonus of up to 40 of their base salary dependent upon the achievement of corporate ebitda targets 3 equity awards subject to the approval of the board of directors the executive shall be granted stock options to purchase 50 000 shares of the company s common stock these options will vest over a four year period with a one year cliff 4 benefits the executive shall be entitled to participate in all employee benefit plans offered by the company including health insurance 401 k matching and life insurance executive shall a rue 25 days of paid time off pto annually 5 severance if the executive s employment is terminated by the company without cause as defined herein the executive shall be entitled to receive a severance payment equal to six 6 months of base salary plus the continuation of health benefits for the same period 6 restrictive covenants during the term of employment and for twelve 12 months following termination the executive shall not directly or indirectly compete with the company nor solicit any employees or customers of the company synthetic dataset category contracts page 39
contracts,joint venture agreement joint venture agreement joint venture agreement this joint venture agreement the agreement is made on 22 august 2024 by and between starlight manufacturing party a and silverline tech party b collectively referred to as the parties 1 formation the parties hereby form a joint venture the joint venture to jointly develop and market a new enterprise software platform tailored for the healthcare industry the joint venture shall operate under the name starlight silverline innovations 2 contributions party a shall contribute an initial capital amount of 389 000 00 and provide a ess to its proprietary machine learning algorithms party b shall contribute 389 000 00 and provide dedicated marketing sales and distribution channels within the healthcare sector 3 ownership and profit sharing the parties shall have an equal fifty percent 50 ownership interest in the joint venture all net profits and net losses generated by the joint venture shall be allocated equally between party a and party b calculated on a quarterly basis 4 management the joint venture shall be managed by a management committee consisting of four 4 members party a and party b shall each appoint two 2 members all strategic decisions budget approvals and major expenditures must be approved by a unanimous vote of the management committee 5 intellectual prope y any new intellectual property developed exclusively by the joint venture shall be jointly owned by both parties existing intellectual property brought into the joint venture by a party remains the sole property of that contributing party 6 duration and termination the joint venture shall commence on the date of this agreement and continue for a period of five 5 years it may be dissolved earlier by mutual written consent or upon the material breach of this agreement by either party synthetic dataset category contracts page 40
contracts,independent contractor agreement independent contractor agreement this independent contractor agreement the agreement is made effective as of 19 june 2024 by and between meridian health solutions client and elena rostova contractor 1 services provided client hereby engages contractor to provide consulting and advisory services related to strategic business development the services contractor agrees to perform these services in a professional and diligent manner adhering to industry standards 2 compensation in consideration for the services client shall pay contractor a flat fee of 44 000 00 payments shall be made in monthly installments upon receipt of an itemized invoice contractor shall be responsible for all out of pocket expenses incurred unless otherwise approved in advance by client 3 independent contractor status it is expressly understood that contractor is an independent contractor and not an employee agent or partner of client contractor is solely responsible for all taxes withholdings and insurance associated with the compensation received under this agreement contractor is not entitled to any employee benefits provided by client 4 intellectual prope y any work product reports or materials developed by contractor in connection with the services shall be the exclusive property of client contractor hereby assigns all rights title and interest in such work product to client without further compensation 5 confidentiality contractor agrees to hold all proprietary information of client in strict confidence and not to disclose such information to any third party this obligation shall survive the termination of this agreement 6 term and termination this agreement shall commence on 19 june 2024 and continue until the services are completed either party may terminate this agreement with thirty 30 days prior written notice upon termination client shall pay contractor for all services satisfactorily performed up to the date of termination 7 governing law this agreement shall be governed by and construed in a ordance with the laws of the state of washington synthetic dataset category contracts page 41
contracts,commercial lease agreement commercial lease agreement this commercial lease agreement the lease is entered into on 8 june 2026 by and between starlight manufacturing landlord and zenith media group tenant 1 premises landlord hereby leases to tenant and tenant hereby leases from landlord the commercial space located at 100 main street suite 400 nevada the premises the premises consists of approximately 4733 rentable square feet 2 term the initial term of this lease shall be 8 years commencing on 8 june 2026 tenant shall have the option to renew this lease for one additional 3 year term provided written notice is given at least 90 days prior to the expiration of the initial term 3 rent tenant agrees to pay landlord an annual base rent of 427 000 00 payable in equal monthly installments on the first day of each calendar month rent shall increase by 3 annually on the anniversary of the commencement date 4 operating expenses this lease is a triple net nnn lease tenant shall be responsible for paying its proportionate share of the building s operating expenses including real estate taxes property insurance and common area maintenance cam charges 5 use of premises the premises shall be used exclusively for general office and administrative purposes tenant shall not use the premises for any unlawful or hazardous purpose 6 maintenance and repairs tenant shall maintain the interior of the premises in good condition and repair landlord shall be responsible for maintaining the roof exterior walls and structural foundations of the building 7 default if tenant fails to pay rent when due or breaches any other provision of this lease landlord may after providing 15 days written notice terminate the lease and take possession of the premises synthetic dataset category contracts page 42
contracts,non disclosure agreement nda non disclosure agreement nda mutual non disclosure agreement this mutual non disclosure agreement the agreement is entered into as of 9 august 2025 by and between starlight manufacturing a illinois corporation and aegis consulting a illinois corporation collectively the parties 1 purpose the parties wish to explore a potential strategic business transaction the purpose in connection with the purpose each party the disclosing party may disclose certain confidential and proprietary information to the other party the receiving party 2 confidential information confidential information means any non public information technical data or know how including but not limited to research product plans products services customers markets software developments inventions processes formulas technology designs drawings engineering hardware configuration information marketing finances or other business information disclosed by the disclosing party 3 non use and non disclosure the receiving party agrees not to use any confidential information for any purpose except to evaluate and engage in discussions concerning the purpose the receiving party agrees not to disclose any confidential information to third parties or to its employees except to those employees who are required to have the information in order to evaluate or engage in discussions concerning the purpose 4 maintenance of confidentiality the receiving party shall take reasonable measures to protect the secrecy of and avoid disclosure and unauthorized use of the confidential information 5 no obligation nothing herein shall obligate either party to proceed with any transaction between them and each party reserves the right in its sole discretion to terminate the discussions contemplated by this agreement concerning the purpose 6 term the obligations of the receiving party under this agreement shall survive until such time as all confidential information of the other party disclosed hereunder becomes publicly known and made generally available through no action or inaction of the receiving party synthetic dataset category contracts page 43
contracts,software as a service saas agreement software as a service saas agreement software as a service saas subscription agreement this saas agreement the agreement is made effective 27 august 2026 by and between zenith media group provider and vanguard logistics customer 1 services provider grants customer a non exclusive non transferable license to a ess and use provider s proprietary cloud based software platform the service during the term the service is hosted on provider s servers and a essed via the internet 2 subscription fees customer shall pay provider the annual subscription fee of 401 000 00 invoices are payable net thirty 30 days from the invoice date late payments will incur interest at a rate of 1 5 per month 3 data privacy and security provider will maintain robust administrative physical and technical safeguards for the protection of the security confidentiality and integrity of customer data provider will not modify disclose or a ess customer data except as required to provide the service or to prevent technical issues 4 intellectual prope y provider retains all rights title and interest in and to the service including all related intellectual property rights customer retains all rights title and interest in and to all customer data imported into the service 5 term and termination this agreement commences on the effective date and continues for a period of twelve 12 months the initial term it will automatically renew for su essive twelve 12 month periods unless either party gives written notice of non renewal at least sixty 60 days before the end of the current term 6 limitation of liability in no event shall either party s aggregate liability arising out of or related to this agreement exceed the total amount paid by customer hereunder in the twelve 12 months preceding the incident giving rise to the liability synthetic dataset category contracts page 44
contracts,master services agreement master services agreement master services agreement this master services agreement msa is dated 19 march 2027 between quantum dynamics inc client and horizon properties consultant 1 scope of services consultant agrees to provide it infrastructure and support services the services to client as detailed in one or more statements of work each a sow executed by the parties each sow is incorporated into this msa by reference 2 performance standards consultant warrants that the services will be performed in a professional and workmanlike manner in a ordance with generally a epted industry standards and practices if the services do not conform to this warranty client must notify consultant within 30 days and consultant will re perform the non conforming services at no additional cost 3 payment terms client will pay consultant the fees specified in each sow unless otherwise stated in a sow consultant will invoice client monthly client agrees to pay undisputed invoice amounts within forty five 45 days of receipt 4 confidentiality both parties agree to maintain the confidentiality of all proprietary information disclosed during the term of this msa confidential information shall not be used for any purpose other than fulfilling the obligations under this msa 5 indemnification consultant agrees to indemnify and hold client harmless from any claims damages or expenses arising from consultant s gross negligence willful misconduct or infringement of third party intellectual property rights in the performance of the services 6 governing law this msa and any sows shall be governed by the laws of texas any disputes arising from this agreement shall be resolved through binding arbitration in texas in a ordance with the rules of the american arbitration association synthetic dataset category contracts page 45
contracts,asset purchase agreement asset purchase agreement asset purchase agreement this asset purchase agreement the agreement is entered into on 20 may 2024 by and between aegis consulting seller and vanguard logistics buyer 1 purchase and sale of assets subject to the terms and conditions of this agreement seller agrees to sell assign and transfer to buyer and buyer agrees to purchase from seller all of seller s right title and interest in and to the assets described in exhibit a the purchased assets the purchased assets include machinery inventory and specific intellectual property 2 purchase price the total purchase price for the purchased assets is 299 000 00 the purchase price the purchase price shall be allocated among the purchased assets as specified in exhibit b buyer shall pay the purchase price to seller via wire transfer of immediately available funds on the closing date 3 assumption of liabilities buyer is not assuming any debts obligations or liabilities of seller whether known or unknown absolute or contingent except for those specific liabilities explicitly listed in exhibit c 4 closing the consummation of the transactions contemplated by this agreement the closing shall take place at the offices of seller s legal counsel on or before 1 february 2024 or at such other time and place as the parties may mutually agree 5 representations and warranties seller represents and warrants that it has good and marketable title to the purchased assets free and clear of all liens and encumbrances seller has full corporate power and authority to execute and deliver this agreement and to carry out the transactions contemplated hereby 6 indemnification seller shall indemnify and hold buyer harmless from any losses damages or liabilities arising out of any breach of seller s representations warranties or covenants contained in this agreement synthetic dataset category contracts page 46
contracts,service level agreement sla service level agreement sla service level agreement this service level agreement sla is entered into by horizon properties provider and starlight manufacturing client on 23 september 2027 acting as an addendum to the existing master services agreement between the parties 1 service commitment provider commits to providing a monthly uptime percentage of at least 99 9 for the hosted e commerce platform the service if provider does not meet the service commitment client will be eligible to receive a service credit as described below 2 definitions monthly uptime percentage is calculated by subtracting from 100 the percentage of minutes during the month in which the service was unavailable downtime is defined as any period where the service is completely ina essible to end users excluding scheduled maintenance 3 service credits if the monthly uptime percentage is between 99 0 and 99 89 client will receive a service credit equal to 10 of the monthly billing cycle fee if the monthly uptime percentage drops below 99 0 client will receive a service credit equal to 25 of the monthly billing cycle fee service credits will be applied to future invoices and may not be exchanged for cash refunds 4 scheduled maintenance provider will perform routine maintenance on the service between the hours of 2 00 am and 5 00 am eastern time on sundays provider will notify client at least 48 hours in advance of any maintenance expected to cause downtime 5 exclusions the service commitment does not apply to any downtime resulting from i client s equipment software or network infrastructure ii force majeure events or iii actions or inactions of client or third parties acting on client s behalf synthetic dataset category contracts page 47
contracts,vendor agreement vendor agreement vendor and supplier agreement this vendor agreement the agreement is effective as of 28 october 2027 between zenith media group purchaser and vanguard logistics vendor 1 goods and services vendor agrees to supply purchaser with raw materials and components the goods as specified in individual purchase orders issued by purchaser vendor shall ensure that all goods strictly conform to the quality specifications and technical requirements detailed in exhibit a 2 pricing and payment purchaser agrees to pay vendor for the goods in a ordance with the pricing schedule set forth in exhibit b total annual spend under this agreement is estimated not to exceed 405 000 00 payment terms are net 60 days from the date of a valid and a urate invoice 3 delivery and risk of loss vendor shall deliver the goods to purchaser s manufacturing facility located in texas delivery shall be made ddp delivered duty paid title and risk of loss shall pass to purchaser upon physical delivery and preliminary inspection of the goods at the destination facility 4 warranties vendor warrants that all goods supplied will be free from defects in materials and workmanship for a period of twelve 12 months from the date of delivery if any goods are found to be defective vendor shall at purchaser s option either replace the defective goods or issue a full refund 5 compliance with laws vendor represents and warrants that it complies with all applicable federal state and local laws regulations and industry standards including those related to labor safety and environmental protection 6 termination purchaser may terminate this agreement for convenience with thirty 30 days written notice to vendor in the event of material breach either party may terminate immediately if the breach is not cured within fifteen 15 days of written notice synthetic dataset category contracts page 48
contracts,employment agreement employment agreement executive employment agreement this executive employment agreement the agreement is made effective as of 28 april 2024 between meridian health solutions the company and sylvia hernandez the executive 1 position and duties the company agrees to employ the executive as chief financial officer cfo the executive shall have the responsibilities and duties commensurate with such position and shall report directly to the chief executive officer executive agrees to devote their full full time professional efforts to the business of the company 2 compensation the executive shall receive a base salary of 362 000 00 per year payable in a ordance with the company s standard payroll practices the executive will also be eligible for an annual performance bonus of up to 40 of their base salary dependent upon the achievement of corporate ebitda targets 3 equity awards subject to the approval of the board of directors the executive shall be granted stock options to purchase 50 000 shares of the company s common stock these options will vest over a four year period with a one year cliff 4 benefits the executive shall be entitled to participate in all employee benefit plans offered by the company including health insurance 401 k matching and life insurance executive shall a rue 25 days of paid time off pto annually 5 severance if the executive s employment is terminated by the company without cause as defined herein the executive shall be entitled to receive a severance payment equal to six 6 months of base salary plus the continuation of health benefits for the same period 6 restrictive covenants during the term of employment and for twelve 12 months following termination the executive shall not directly or indirectly compete with the company nor solicit any employees or customers of the company synthetic dataset category contracts page 49
contracts,joint venture agreement joint venture agreement joint venture agreement this joint venture agreement the agreement is made on 25 february 2024 by and between quantum dynamics inc party a and crestview financial party b collectively referred to as the parties 1 formation the parties hereby form a joint venture the joint venture to jointly develop and market a new enterprise software platform tailored for the healthcare industry the joint venture shall operate under the name quantum crestview innovations 2 contributions party a shall contribute an initial capital amount of 372 000 00 and provide a ess to its proprietary machine learning algorithms party b shall contribute 372 000 00 and provide dedicated marketing sales and distribution channels within the healthcare sector 3 ownership and profit sharing the parties shall have an equal fifty percent 50 ownership interest in the joint venture all net profits and net losses generated by the joint venture shall be allocated equally between party a and party b calculated on a quarterly basis 4 management the joint venture shall be managed by a management committee consisting of four 4 members party a and party b shall each appoint two 2 members all strategic decisions budget approvals and major expenditures must be approved by a unanimous vote of the management committee 5 intellectual prope y any new intellectual property developed exclusively by the joint venture shall be jointly owned by both parties existing intellectual property brought into the joint venture by a party remains the sole property of that contributing party 6 duration and termination the joint venture shall commence on the date of this agreement and continue for a period of five 5 years it may be dissolved earlier by mutual written consent or upon the material breach of this agreement by either party synthetic dataset category contracts page 50
hr,offer of employment formal employment offer orion tech dynamics august 18 2026 dear samuel aris we are thrilled to offer you the position of senior cloud architect at orion tech dynamics based on your interviews we are confident that your expertise will be a significant asset to our engineering division position details title senior cloud architect reporting to vice president of infrastructure start date september 7 2026 employment type full time exempt location remote with o asional travel to our seattle headquarters compensation and benefits base salary 165 000 annualized payable bi weekly in a ordance with the company s standard payroll schedule sign on bonus a one time signing bonus of 10 000 will be paid on your first pay date this bonus is subject to full repayment if you voluntarily resign within 12 months of your start date equity subject to board approval you will be granted 2 500 restricted stock units rsus vesting over a four year period with a 1 year cliff benefits you will be eligible to participate in our comprehensive benefits program on the first day of the month following your start date this includes medical dental vision and a 401 k plan with a 4 company match at will employment please understand that this offer does not constitute a contract of employment for any specific duration your employment at orion tech dynamics is at will meaning either you or the company can terminate the relationship at any time with or without cause or notice contingencies this offer is contingent upon the su essful completion of a comprehensive background check and verification of your right to work in the united states please complete the attached i 9 and w 4 forms to a ept this offer please sign and date this letter via the secure portal by august 21 2026 synthetic dataset category hr doc id doc hr 001
hr,performance improvement plan pip 60 day performance improvement plan silverline logistics august 18 2026 memorandum to jessica thorne a ount executive from marcus reed regional sales director cc human resources date august 18 2026 subject 60 day performance improvement plan pip the purpose of this performance improvement plan pip is to define serious areas of concern reiterate silverline logistics expectations and allow you the opportunity to demonstrate improvement this pip will be in effect for 60 days commencing today and concluding on october 17 2026 areas of concern over the past two quarters your performance has fallen below the baseline expectations for the a ount executive role specifically 1 client retention your portfolio experienced a 15 churn rate in q2 compared to the team average of 4 2 response times internal audit metrics show an average response time of 36 hours to critical client support tickets violating our service level agreement sla mandate of 12 hours 3 pipeline generation you have generated 45 000 in new pipeline over the last 90 days against a target of 150 000 required improvements and goals during the next 60 days you must achieve the following specific measurable goals maintain a 100 client retention rate for your current top 20 a ounts reduce average client response time to under 12 hours with no tickets escalating past 24 hours without management intervention generate a minimum of 100 000 in qualified new pipeline by the end of the pip period action plan support we will meet weekly every tuesday at 10 00 am to review your progress against these goals i will provide direct shadowing on your top 5 a ount check in calls to offer immediate feedback consequences failure to meet and sustain these performance expectations during or after the 60 day period may result in further disciplinary action up to and including the termination of your employment your signature below acknowledges that you have read and understood this document synthetic dataset category hr doc id doc hr 002
hr,company policy paid time off pto and leave policy vertex health solutions effective january 1 2026 paid time off pto policy objective vertex health solutions believes that employees require time away from work for rest relaxation and personal pursuits to support this we provide a consolidated paid time off pto program that combines vacation personal days and sick leave into a single bank of hours eligibility and a rual all full time regular employees scheduled to work 30 or more hours per week are eligible to a rue pto a ruals begin on the first day of employment and are credited at the end of each bi weekly pay period the a rual rate is determined by the employee s length of continuous service 0 to 2 years of service 15 days 120 hours per year 4 61 hours per pay period 3 to 5 years of service 20 days 160 hours per year 6 15 hours per pay period 6 years of service 25 days 200 hours per year 7 69 hours per pay period carryover limits employees are encouraged to utilize their a rued pto within the calendar year however employees may carry over a maximum of 40 hours of unused pto into the following calendar year any unused hours exceeding this 40 hour limit as of december 31 will be forfeited except where prohibited by state or local law requesting time off pto must be requested through the internal hris portal requests for three or more consecutive days off require a minimum of two weeks advance notice and manager approval unplanned absences e g sudden illness must be reported to the employee s direct supervisor at least two hours before the start of the scheduled shift separation of employment upon voluntary resignation with a minimum of two weeks notice or in the event of an involuntary separation without cause employees will be paid out for all a rued but unused pto hours at their base hourly rate employees terminated for gross misconduct forfeit unused pto synthetic dataset category hr doc id doc hr 003
hr,fmla leave administration fmla leave approval notice apex manufacturing partners august 18 2026 family and medical leave act fmla designation notice to david lin production supervisor from human resources leave administration date august 18 2026 subject designation of fmla leave we have received your medical certification form dated august 14 2026 requesting leave for your own serious health condition approval status your request for continuous leave is approved and has been designated as family and medical leave act fmla protected leave leave dates your approved leave period begins on monday august 24 2026 and is expected to conclude on friday october 16 2026 this period utilizes 8 weeks of your 12 week annual fmla entitlement should you require additional time beyond october 16 an updated medical certification from your healthcare provider must be submitted at least 5 business days prior to the expiration of the current leave compensation during leave fmla leave is fundamentally unpaid however per company policy you are required to exhaust your a rued sick leave concurrently with your fmla absence you currently have 64 hours of a rued sick leave which will be applied to the first eight days of your absence the remainder of your leave will be unpaid unless you have applied for and been approved for short term disability std benefits through our third party carrier benefits maintenance during your fmla leave your health insurance coverage will be maintained under the same conditions as if you had continued to work because a portion of your leave will be unpaid you must make arrangements to pay your portion of the premium premiums please remit a check for 145 50 on the 1st and 15th of each month to the apex manufacturing partners benefits department return to work prior to your reinstatement on october 19 2026 you must present a fitness for duty certification from your attending physician clearing you to resume the essential functions of your role without restrictions synthetic dataset category hr doc id doc hr 004
hr,employee relations notice of involuntary separation radiant energy corp august 18 2026 confidential separation notice date august 18 2026 to mark vance logistics coordinator from human resources dear mark this letter is to formally notify you that your employment with radiant energy corp is being terminated effective immediately reason for separation as discussed during the all hands briefing last week radiant energy corp is undergoing a comprehensive corporate restructuring to align our operational overhead with revised q3 revenue projections unfortunately this involves the elimination of several roles within the supply chain division including your position as logistics coordinator please be assured that this decision is strictly a result of position elimination and does not reflect upon your individual performance or conduct final compensation your final paycheck encompassing all wages earned through today plus payment for 38 hours of a rued but unused paid time off pto will be processed and deposited into your a ount of record by the end of the business day severance and benefits in consideration of your two years of service the company is offering a severance package equivalent to four 4 weeks of your standard base salary to receive this severance pay you must sign and return the attached general release and waiver of claims agreement within 21 days your current health dental and vision insurance coverage will remain active through the last day of the current month august 31 2026 subsequently you will receive a separate packet from our benefits administrator detailing your rights to continue coverage under cobra return of company property you are required to return all company owned property in your possession prior to exiting the building today this includes your laptop building a ess badge corporate credit card and mobile device we thank you for your contributions to radiant energy corp and wish you the best in your future endeavors synthetic dataset category hr doc id doc hr 005
hr,workplace safety osha initial incident and injury report nexus manufacturing operations august 18 2026 confidential incident and injury repo date of incident august 17 2026 time of incident 14 30 est location assembly line b sector 4 involved employee michael vance employee id 44920 job title machine operator ii supervisor clara sterling description of event at approximately 14 30 michael vance was transitioning from the control panel of extruder unit 3 to the quality assurance staging area while carrying a 15 pound calibration gauge mr vance slipped on an unidentified liquid substance later confirmed to be hydraulic fluid on the concrete walkway he fell backward sustaining a blunt impact to his lower back and right elbow immediate actions taken production on assembly line b was immediately halted the on site o upational health nurse responded within three minutes assessing the employee for suspected musculoskeletal trauma mr vance reported localized pain in the lumbar region and numbness in his right forearm he was transported via company contracted medical transport to northside general hospital for further diagnostic evaluation root cause analysis preliminary an initial walk through by the environmental health and safety ehs team revealed a degraded seal on a secondary hydraulic line belonging to extruder unit 3 which resulted in a slow continuous leak the spill containment berm was improperly positioned allowing the fluid to pool into the designated pedestrian walkway osha recordability status this incident is classified as osha recordable due to the necessity of medical treatment beyond basic first aid and anticipated restricted work activity ehs has initiated the entry into the osha 300 log corrective actions 1 extruder unit 3 remains tagged out of service pending a full seal replacement and pressure testing 2 all secondary hydraulic lines across assembly lines a b and c will undergo mandatory preventative maintenance inspections by friday august 21 3 the injured employee has been placed on short term medical leave pending a return to work clearance from his attending physician synthetic dataset category hr doc id doc hr 006
hr,benefits administration annual open enrollment and 401 k update silverline logistics q3 2026 memorandum annual benefits open enrollment to all u s based employees from global benefits administration date august 18 2026 subject 2027 open enrollment period and retirement plan updates dear team we are pleased to announce that the annual benefits open enrollment period for the upcoming 2027 plan year will run from monday september 14 through friday october 2 2026 this is your annual opportunity to review enroll in or make changes to your health dental vision and flexible spending a ounts fsa hsa key changes for 2027 1 medical plan premiums despite rising national healthcare costs silverline logistics is absorbing 85 of the premium increase for the ppo and high deductible health plan hdhp options employee bi weekly contributions will see a modest increase of 3 5 effective on the first payroll of january 2027 2 new telehealth benefit we are introducing virtualcare plus providing all employees and their dependents 24 7 a ess to board certified physicians therapists and psychiatrists with a 0 copay regardless of the medical plan chosen 401 k retirement plan enhancements effective january 1 2027 we are transitioning to a safe harbor 401 k matching structure the company will now match 100 of your contributions up to the first 3 of your eligible compensation and 50 on the next 2 additionally all employer matching contributions will now vest immediately upon deposit eliminating the previous three year graded vesting schedule action required if you wish to maintain your current medical dental and vision coverages no action is required your elections will automatically roll over however irs regulations mandate that flexible spending a ount fsa and dependent care fsa elections must be actively renewed every year if you do not actively re enroll your contribution will default to 0 for 2027 please log into the workday benefits portal to review the updated premium schedules and summary of benefits and coverage sbc documents synthetic dataset category hr doc id doc hr 007
hr,compensation performance fy2026 compensation and merit review vanguard biohealth august 2026 fy2026 annual compensation statement employee dr elena rostova title principal clinical researcher department oncology r d manager dr julian sterling effective date september 1 2026 dear elena thank you for your outstanding dedication to vanguard biohealth over the past fiscal year your leadership in steering the phase ii clinical trials for our primary targeted biologic has been instrumental in a elerating our regulatory timeline based on the recent annual performance appraisal your overall performance rating has been calibrated as exceeds expectations as part of our annual compensation review cycle the executive compensation committee has authorized the following adjustments to your total rewards package 1 base salary merit increase your annualized base salary will be increased by 5 5 moving from 185 000 to 195 175 this increase is above the company wide average of 3 2 and directly reflects your critical contributions to our intellectual property portfolio this new rate will be reflected in your semi monthly paychecks beginning september 15 2026 2 annual performance bonus the target bonus payout for your job grade is 15 of your base salary based on the company achieving its corporate ebitda targets combined with your individual performance multiplier of 1 2x you have earned a gross performance bonus of 33 300 for fy2026 this amount will be paid out as a lump sum on august 31 2026 subject to applicable local state and federal tax withholdings 3 stock option grant to ensure your continued alignment with our long term shareholder value creation you have been awarded 1 200 non qualified stock options nsos at a strike price of 42 50 these options will vest over a 48 month schedule with 25 vesting on the one year anniversary of the grant date and the remainder vesting in equal monthly installments please review the detailed equity award agreement available in the hr portal we look forward to your continued su ess and leadership at vanguard biohealth synthetic dataset category hr doc id doc hr 008
hr,leave administration medical clearance and return to work summit retail partners august 2026 return to work authorization to angela torres store manager location from leave administration hr business partner date august 18 2026 subject medical clearance and ada a ommodations this document serves as formal notification that angela torres has been medically cleared by her attending orthopedic physician to return to work following a 12 week absence under the family and medical leave act fmla and concurrent short term disability std return date monday august 24 2026 position store manager status cleared with work restrictions work restrictions and ada a ommodations in a ordance with the submitted fitness for duty medical certification angela is cleared to resume the essential functions of the store manager role subject to the following temporary restrictions which will remain in effect until a follow up medical evaluation scheduled for october 15 2026 1 lifting limitation the employee is strictly restricted from lifting pushing or pulling any inventory boxes or equipment exceeding 15 pounds 2 mobility constraint the employee must be permitted to sit for at least 15 minutes after every 45 minutes of continuous standing or walking on the sales floor 3 schedule modification for the first four weeks of her return the employee is restricted to working a maximum of 32 hours per week with shifts not exceeding 8 hours in duration action required by district management the district manager must ensure that an assistant store manager asm or shift lead is present during all of angela s scheduled shifts to handle tasks involving heavy lifting or receiving incoming freight a dedicated ergonomic stool has been ordered and will be delivered to the back office management station prior to her return these temporary restrictions have been reviewed by the hr legal compliance team and fall within the scope of reasonable a ommodations under the americans with disabilities act ada failure to adhere strictly to these medical restrictions is a violation of corporate policy and may expose the company to liability synthetic dataset category hr doc id doc hr 009
hr,training compliance mandatory anti harassment training altair financial group august 2026 notice of mandatory compliance training to all active employees and independent contractors from office of the chief compliance officer global human resources date august 18 2026 subject 2026 annual anti harassment and workplace conduct certification at altair financial group we are committed to cultivating a safe inclusive and professional work environment free from discrimination harassment and retaliation to reinforce this commitment and comply with state mandated regulatory requirements all employees including part time staff interns and registered contractors are required to complete the 2026 respect in the workplace training module course details module title preventing sexual harassment and cultivating inclusion duration approximately 90 minutes 120 minutes for personnel with direct reports format interactive e learning module via the corporate learning management system lms completion deadline this mandatory curriculum has been assigned to your lms dashboard today you must complete the training and pass the final comprehension assessment with a score of 80 or higher by 5 00 pm est on friday september 18 2026 instructions for a ess 1 log in to the altair intranet portal using your single sign on sso credentials 2 navigate to the my learning tab under the hr services menu 3 select the course titled 2026 respect in the workplace compliance 4 the system will automatically generate a completion certificate and update your personnel file upon su essful finishing of the module consequences of non compliance completion of this training is a strict condition of employment failure to complete the module by the september 18 deadline will result in an immediate suspension of your network a ess and building badge privileges furthermore non compliance will be documented in your annual performance review and may negatively impact your eligibility for the q4 compensation cycle if you require any technical assistance or ada compliant a essibility a ommodations to complete this training please submit a ticket to the it helpdesk synthetic dataset category hr doc id doc hr 010
hr,remote work agreement telecommuting and remote work agreement starlight media group august 18 2026 telecommuting and remote work agreement employee name cameron davis job title digital content strategist department global marketing effective date september 1 2026 1 purpose and scope this document establishes the terms and conditions under which starlight media group permits the above named employee to perform their regular job duties from an approved remote location this agreement does not alter the employee s at will employment status 2 approved remote location the employee is authorized to work from their primary residence located in austin texas the employee must maintain a safe distraction free and ergonomically appropriate workspace any change in the primary remote work location requires a 30 day advance written notice and subsequent hr approval 3 work hours and availability the employee s standard working hours will remain 9 00 am to 5 00 pm central standard time cst monday through friday during these hours the employee is expected to be fully a essible via microsoft teams corporate email and mobile phone the employee must adhere to the company s standard meal and rest break policies as mandated by texas state law 4 equipment and information security starlight media group will provide a corporate laptop a secondary monitor and a secure vpn token the employee is responsible for providing a reliable high speed broadband internet connection the company will provide a monthly non taxable stipend of 75 00 to offset internet and personal mobile phone expenses all corporate data must be handled in strict compliance with the data privacy and information security policy the employee must not download proprietary files to personal devices or unsecured local drives 5 termination of agreement the company reserves the right to modify suspend or terminate this telecommuting agreement at its sole discretion with a minimum notice period of 14 calendar days should business needs require the employee to return to a traditional office environment synthetic dataset category hr doc id doc hr 011
hr,employee relations confidential internal investigation report pinnacle financial partners august 2026 strictly confidential internal investigation repo case reference er 2026 084 investigator sarah jenkins senior employee relations business partner date opened august 3 2026 date concluded august 18 2026 allegation summary on august 3 2026 hr received a formal written complaint from a junior financial analyst the complainant alleging that the director of regional operations the respondent created a hostile work environment specifically the complainant alleged that the respondent frequently used aggressive language made unreasonable after hours demands and publicly berated team members during weekly pipeline reviews investigation process over a two week period employee relations conducted formal documented interviews with the complainant the respondent and four designated witnesses peer level analysts and an administrative assistant additionally hr reviewed six months of internal slack communications and email threads between the involved parties findings of fact 1 the investigation did not find evidence of discriminatory language or actions violating the company s title vii equal employment opportunity eeo policies 2 witness testimonies corroborated the complainant s assertion that the respondent routinely raised his voice during pipeline reviews and exhibited a harsh management style 3 digital forensics revealed that the respondent sent an average of 4 5 messages per week between 10 00 pm and 1 00 am with expectations of immediate replies contrary to the firm s right to disconnect policy conclusion and recommendations while the respondent s behavior does not legally constitute a hostile work environment based on a protected class it significantly violates pinnacle financial partners professional code of conduct and leadership expectations recommended disciplinary action issue a final written warning to the respondent regarding workplace professionalism and communication standards mandate the respondent s enrollment in a 12 week executive executive coaching and anger management program synthetic dataset category hr doc id doc hr 012
hr,talent acquisition fcra background check disclosure quantum aerospace august 18 2026 fair credit repo ing act fcra disclosure and authorization employer quantum aerospace inc applicant name christopher t vance position applied for senior avionics engineer disclosure regarding background investigation quantum aerospace inc the company may obtain information about you from a third party consumer reporting agency for employment purposes thus you may be the subject of a consumer report and or an investigative consumer report which may include information about your character general reputation personal characteristics and or mode of living these reports may contain information regarding your credit history criminal history social security verification motor vehicle records driving records verification of your education or employment history or other background checks you have the right upon written request made within a reasonable time after receipt of this notice to request disclosure of the nature and scope of any investigative consumer report the scope of this notice and authorization is all encompassing allowing the company to obtain from any outside organization all manner of consumer reports and investigative consumer reports now and if you are hired throughout the course of your employment to the extent permitted by law authorization and consent i hereby authorize the obtaining of consumer reports and or investigative consumer reports at any time after receipt of this authorization and if i am hired throughout my employment to this end i hereby authorize without reservation any law enforcement agency administrator state or federal agency institution school or university public or private information service bureau employer or insurance company to furnish any and all background information requested by vertex background screening llc another outside organization acting on behalf of the company and or the company itself by signing below i acknowledge receipt of the document entitled a summary of your rights under the fair credit reporting act and certify that i have read and understood this disclosure synthetic dataset category hr doc id doc hr 013
hr,compensation benefits enterprise sales commission plan novatech cloud solutions fy2027 fy2027 enterprise sales commission plan participant name lauren hastings title enterprise a ount executive western region effective period october 1 2026 september 30 2027 plan objective this plan is designed to incentivize the acquisition of new enterprise logos the expansion of existing annual recurring revenue arr and the su essful promotion of novatech s premium cybersecurity add ons target compensation base salary 120 000 annually on target commission otc 120 000 annually on target earnings ote 240 000 annually annual quota net new arr 1 500 000 commission rates tiers commission is earned as a percentage of the net new arr closed by the participant the following tier structure applies based on cumulative quota attainment tier 1 0 49 of quota 6 0 of arr tier 2 50 99 of quota 8 0 of arr tier 3 100 149 of quota 12 0 of arr a elerator tier 4 150 of quota 15 0 of arr super a elerator bonus multipliers spiffs multi year contracts any contract signed with a guaranteed term of 36 months or longer will receive a 1 25x multiplier on the calculated base commission for that specific deal cybersecurity module selling the zero trust armor module as part of the initial contract nets an automatic 2 500 flat bonus per transaction clawback provision if a client terminates their contract or downgrades their service tier within the first six 6 months of the contract effective date novatech cloud solutions reserves the right to claw back 100 of the commission paid on that specific deal the clawback amount will be deducted from the participant s subsequent monthly commission payout payment schedule commissions are calculated at the end of each calendar month and paid out on the 15th of the following month provided the client has remitted their first invoice synthetic dataset category hr doc id doc hr 014
hr,offboarding exit confidential exit interview summary horizon medical devices august 18 2026 confidential exit interview record employee name daniel cho department product design job title senior industrial designer tenure 4 years 2 months separation date august 21 2026 type of separation voluntary resignation interviewer melissa grant hr director primary reasons for leaving during the interview daniel cited limited upward mobility and compensation as the primary drivers for his resignation he noted that despite receiving consistently high performance ratings the pathway to a lead or principal designer role was unclear due to low turnover at the senior management level he has a epted an offer with a direct competitor that provides a 22 increase in base salary and a clear track to a director title feedback on management and culture daniel spoke highly of his immediate supervisor noting that she was supportive of his creative initiatives and provided excellent mentorship however he expressed frustration with the broader departmental matrix structure he felt that executive leadership s frequent pivots on product roadmaps led to significant burnout and mandatory overtime for the design team over the last three quarters company benefits and total rewards the employee rated the company s healthcare and 401 k benefits as excellent and above industry standard however he strongly suggested that horizon medical devices implement a more flexible work from home policy the current mandate of four days in office per week was cited as a major detractor for employee morale recommendations for the company 1 establish transparent documented career ladders for the industrial design track outlining the specific competencies required for promotion to lead designer 2 re evaluate the remote work policy to offer at least two permanent remote days per week to align with tech industry norms and improve retention hr action items review compensation bands for senior industrial designers against current 2026 market benchmarks share anonymized feedback regarding the matrix structure burnout with the vp of product design synthetic dataset category hr doc id doc hr 015
hr,training development leadership development program invitation aegis manufacturing group august 2026 nomination emerging leaders accelerator program elap to sylvia hernandez supply chain analyst from executive committee and global talent development date august 18 2026 dear sylvia it is my great pleasure to inform you that you have been nominated and selected by the executive committee to participate in the 2026 2027 cohort of the emerging leaders a elerator program elap at aegis manufacturing group program overview elap is a highly selective six month intensive leadership development track designed to prepare our highest potential individual contributors for frontline management and strategic leadership roles out of over 400 eligible employees across the north american division you are one of only 25 individuals chosen for this cohort curriculum and expectations the program commences on october 1 2026 and consists of the following required components executive mentorship you will be paired with the vp of logistics for bi weekly 1 on 1 mentoring sessions capstone project working in a cross functional team of five you will be tasked with solving a real time operational challenge facing the company your team will present the final solution to the c suite in march 2027 monthly workshops attendance is mandatory for a full day off site workshop on the second thursday of each month topics include strategic decision making change management conflict resolution and financial acumen time commitment we have coordinated with your direct supervisor to ensure that you are granted 10 hours of protected time each week to dedicate to elap coursework and project collaboration without impacting your current performance metrics please confirm your a eptance into the program by signing the attached commitment charter and returning it to talent development by august 25 2026 congratulations on this significant professional milestone synthetic dataset category hr doc id doc hr 016
hr,workplace safety ergonomics workstation ergonomic evaluation vertex health solutions august 18 2026 workstation ergonomic evaluation repo employee brian caldwell location remote home office chicago il evaluator dr allison vance certified professional ergonomist cpe date of evaluation august 14 2026 date of report august 18 2026 reason for assessment the employee submitted an ergonomic assessment request via the hr portal citing chronic cervical spine neck stiffness and intermittent numbness in the right wrist after working shifts longer than 6 hours observations and postural risk factors a virtual assessment was conducted via a 45 minute video conference the following risk factors were identified in the employee s current home office setup 1 monitor height the employee is using a single 15 inch laptop screen placed flat on a standard dining table this forces a constant downward viewing angle of approximately 35 degrees causing significant cervical flexion and strain 2 seating the employee is utilizing a rigid dining chair with no lumbar support the seat depth is insufficient leading to poor lower back posture 3 desk height keyboard placement the dining table is 31 inches high above the standard 28 29 inch ergonomic desk height consequently the employee s elbows are angled downward at 110 degrees resting heavily on the hard edge of the table causing ulnar nerve compression recommendations equipment requisitions to mitigate the identified musculoskeletal risks hr facilities is authorized to procure the following equipment against the employee s home office stipend budget 1x fully adjustable ergonomic task chair with lumbar support and 4d armrests est 350 1x laptop riser stand to elevate the screen to eye level est 45 1x external wireless ergonomic split keyboard and vertical mouse combo to relieve wrist pronation est 120 follow up the employee has been instructed on the 20 20 20 rule look 20 feet away for 20 seconds every 20 minutes and provided with a pamphlet of desk stretching exercises a follow up check in will be scheduled for september 30 2026 to ensure the new equipment has resolved the reported discomfort synthetic dataset category hr doc id doc hr 017
hr,talent acquisition candidate evaluation and scoring matrix global tech assembly corp august 2026 candidate evaluation and scoring matrix candidate name evelyn rossi position group product manager interview date august 16 2026 interview panel vp of product lead ux designer director of engineering scoring scale 1 poor does not meet minimum requirements 3 satisfactory meets expectations 5 excellent significantly exceeds expectations competency 1 technical acumen domain knowledge score 4 5 5 0 notes evelyn demonstrated an exceptional grasp of api integrations and microservices architecture her case study presentation on transitioning a legacy platform to a cloud native environment was highly detailed and technically sound she easily fielded complex questions from the engineering director regarding latency optimization competency 2 product strategy vision score 4 0 5 0 notes she possesses a strong user centric mindset her framework for prioritizing the product backlog using weighted shortest job first wsjf aligns perfectly with our agile methodologies competency 3 leadership cross functional influence score 3 0 5 0 notes satisfactory but left some room for doubt when asked about managing conflicts between the sales team s feature requests and engineering s technical debt her responses were somewhat passive she leans heavily on consensus building rather than decisive leadership in high pressure scenarios competency 4 cultural add communication score 5 0 5 0 notes highly articulate transparent and empathetic she asked insightful questions about our team s work life balance and psychological safety indicating she would be a highly supportive manager overall average score 4 12 5 00 panel recommendation advance to offer synthetic dataset category hr doc id doc hr 018
hr,company policy compliance a eptable use of it systems acknowledgement crestline mortgage bancorp august 2026 employee acknowledgement acceptable use of information systems effective date august 18 2026 issued by information security and human resources 1 policy overview crestline mortgage bancorp provides employees with computing devices network a ess email and internet a ess to facilitate business operations this a eptable use policy outlines the expectations for utilizing these systems securely and professionally 2 no expectation of privacy employees should have no expectation of privacy when using company owned hardware software or network infrastructure crestline mortgage bancorp reserves the right to monitor log review and intercept any communications internet browsing history or files stored on company devices at any time without prior notice to ensure compliance with legal and security standards 3 prohibited activities employees are strictly prohibited from engaging in the following activities on corporate systems a essing transmitting or storing material that is illegal discriminatory sexually explicit or otherwise violates the company s anti harassment policy utilizing corporate email addresses for personal business ventures political campaigning or unauthorized solicitation downloading or installing unauthorized third party software browser extensions or peer to peer file sharing applications attempting to bypass firewall proxies disable endpoint detection and response edr software or a ess network segments for which the employee lacks explicit authorization 4 bring your own device byod if an employee utilizes a personal smartphone to a ess corporate email or internal messaging applications e g slack they must consent to the installation of mobile device management mdm software in the event the device is lost stolen or the employee is terminated the company reserves the right to remotely wipe the corporate partition of the device acknowledgement by signing below i certify that i have read understand and agree to abide by the rules outlined in this a eptable use of information systems policy i understand that any violation may result in disciplinary action up to and including termination of employment synthetic dataset category hr doc id doc hr 019
hr,diversity equity inclusion dei employee resource group erg charter orion tech dynamics august 2026 employee resource group erg cha er women in engineering organization orion tech dynamics erg name women in engineering wie executive sponsor dr aris thorne chief technology officer charter effective date august 18 2026 1 mission statement the mission of the women in engineering wie erg is to foster an inclusive empowering and supportive environment for women and non binary individuals within orion tech dynamics technical divisions we aim to drive professional growth increase the retention of female engineers and support the recruitment of diverse technical talent 2 membership membership is fully voluntary and open to all active employees of orion tech dynamics regardless of gender identity who support the mission of advancing women in stem 3 core objectives for fy2027 mentorship establish a formal peer to peer mentoring program matching junior developers with senior architects speaker series host quarterly lunch and learn events featuring external female leaders in the artificial intelligence and cloud computing sectors recruitment partner with talent acquisition to attend at least three diversity focused collegiate hackathons or career fairs to bolster the early career hiring pipeline 4 governance and budget the erg will be governed by a steering committee comprising a chair co chair communications lead and events coordinator elected annually by the general membership orion tech dynamics diversity equity and inclusion dei office has allocated an annual operating budget of 15 000 for the wie erg funds may be utilized for guest speaker honorariums professional development literature internal networking events and community outreach any expense exceeding 500 requires pre approval from the executive sponsor 5 meetings the wie general assembly will meet on the first wednesday of every month at 12 00 pm est all members are granted one hour of approved paid administrative time to attend these meetings synthetic dataset category hr doc id doc hr 020
hr,hr analytics workforce planning quarterly attrition and turnover analysis apex manufacturing partners q2 2026 memorandum q2 2026 workforce turnover analysis to executive leadership team from hr analytics workforce planning date august 18 2026 subject q2 voluntary and involuntary attrition trends executive summary during the second quarter of 2026 apex manufacturing partners experienced an annualized voluntary attrition rate of 14 2 representing a 2 8 percentage point increase compared to q1 2026 11 4 involuntary turnover remained stable at 3 1 the total headcount at the end of q2 stood at 1 850 regular full time employees key attrition drivers 1 early tenure flight risk 42 of all voluntary resignations o urred within the employee s first 180 days of employment exit survey data highlights a gap between candidate expectations set during recruitment and actual job responsibilities on the assembly line floor 2 regional compensation discrepancies exit interviews in our midwest distribution hub revealed that 65 of departing logistics specialists cited higher base wages offered by competing local fulfillment centers as their primary reason for leaving impact on operational overhead the cost to replace departing personnel in q2 including recruitment advertising overtime paid to cover vacant shifts and lost productivity during onboarding is estimated at 1 25 million strategic recommendations onboarding overhaul implement a 90 day structured mentorship program for all new production floor hires to improve early tenure engagement wage calibration conduct an immediate out of cycle market compensation review for logistics roles in the midwest region to restore competitive positioning synthetic dataset category hr doc id doc hr 021
hr,employee recognition annual excellence award nomination guidelines orion tech dynamics fy2026 annual excellence awards nomination guidelines to all department managers and team leads from global recognition committee hr date august 18 2026 subject call for nominations 2026 innovation leadership awards we are pleased to announce the opening of nominations for the 2026 orion excellence awards this annual program recognizes individual contributors and cross functional teams who have demonstrated extraordinary commitment to our corporate values client su ess and product innovation award categories 1 the founders innovation award presented to an individual or team that developed a novel technical solution or process improvement yielding significant cost savings or revenue generation 2 customer first award recognizes frontline support or client facing staff who went above and beyond to resolve a critical client challenge 3 inclusive leadership award awarded to a manager who actively fosters psychological safety equity and professional growth within their team eligibility and submission rules nominees must be active full time employees with a minimum of six months of continuous service as of september 1 2026 nominations may be submitted by any peer direct report or manager using the secure portal each submission must include a detailed narrative 300 500 words providing concrete metrics and examples of the nominee s impact selection process the global recognition committee will evaluate all submissions during october winners will be honored at our annual gala in december and will receive a 5 000 cash prize a custom trophy and an additional week of paid administrative leave synthetic dataset category hr doc id doc hr 022
hr,relocation mobility international relocation assignment letter global tech assembly corp august 2026 international assignment agreement employee marcus vance title director of global operations home country united states chicago headquarters host country singapore regional hub assignment duration 24 months effective october 1 2026 dear marcus we are pleased to confirm your international assignment to singapore to lead the expansion of our southeast asian assembly facilities this letter sets forth the financial and logistical terms governing your global mobility package compensation structure base salary your baseline salary of 210 000 usd will continue to be paid via us payroll foreign service premium you will receive a tax equalized foreign assignment allowance of 15 of your base salary 31 500 annualized paid monthly cost of living adjustment cola a index matched cola of 1 850 per month will be provided to compensate for price differentials in housing and consumer goods relocation and housing allowances housing allowance the company will pay directly for fully furnished executive housing in singapore up to a maximum cap of 6 500 sgd per month destination services you will be provided with three days of local orientation assistance with securing employment visas for your dependents and tax advisory services for us singapore dual filing relocation shipment coverage includes air freight of up to 500 lbs of personal effects and sea freight for standard household goods repatriation upon su essful completion of the 24 month term global tech assembly corp guarantees your placement in an equivalent executive level position at our chicago headquarters synthetic dataset category hr doc id doc hr 023
hr,workplace health wellness employee assistance program eap announcement vertex health solutions august 2026 announcement expanded employee assistance program eap to all employees and immediate dependents from human resources total rewards team date august 18 2026 subject confidential mental health and life support services at vertex health solutions we recognize that personal and professional challenges can impact your overall well being we are proud to announce an expansion of our employee assistance program eap provided in partnership with lifesupport solutions effective september 1 2026 key program features confidential counseling you and your household family members are entitled to up to 8 free confidential face to face or virtual counseling sessions per topic per year services address stress management grief relationship issues and substance abuse legal and financial consultation a ess to a free 30 minute consultation with certified attorneys and financial planners for guidance on estate planning debt management or real estate transactions dependent care support dedicated specialists available to assist with finding qualified childcare eldercare facilities or summer enrichment programs complete privacy guaranteed your privacy is strictly protected by federal law no individual usage data session notes or personal details are ever shared with vertex health solutions or your direct supervisor participation in the eap will not impact your employment status or promotional opportunities in any way how to a ess services services are available 24 hours a day 365 days a year call the toll free helpline at 1 800 555 eap1 or a ess the portal via the mobile application using company code ve exwell synthetic dataset category hr doc id doc hr 024
hr,labor relations collective bargaining agreement cba summary radiant energy corp 2026 2029 memorandum of understanding ratification of collective bargaining agreement to local 402 utility workers union members operations management from labor relations division date august 18 2026 subject summary of 2026 2029 union contract terms we are pleased to report that members of local 402 have officially voted to ratify the new three year collective bargaining agreement cba between radiant energy corp and the utility workers union effective september 1 2026 through august 31 2029 key highlights of the approved contract 1 wage adjustments across the board base pay increases for all covered bargaining unit positions 4 0 effective september 1 2026 3 5 effective september 1 2027 and 3 25 effective september 1 2028 2 shift differential pay night shift differential rate increases from 1 75 hr to 2 50 hr for all hours worked between 19 00 and 07 00 3 safety equipment stipend the annual prescription safety glass and steel toe boot reimbursement allowance increases from 250 to 400 per covered worker 4 grievance procedure refinement step 2 grievance responses by plant management must now be issued within 7 business days down from 14 to expedite dispute resolution implementation schedule updated wage rates will take effect on the first full payroll cycle in september revised benefit administration manuals will be distributed to all union stewards by august 28 synthetic dataset category hr doc id doc hr 025
hr,onboarding it setup new hire it provisioning checklist novatech cloud solutions august 2026 new hire it access provisioning ticket employee name sarah jenkins start date september 1 2026 department cybersecurity engineering job title lead security analyst manager david lin ticket reference it req 99401 hardware allocated 1x macbook pro 16 m3 max 36gb ram 1tb ssd 2x 27 4k ultrasharp monitors 1x thunderbolt 4 docking station peripherals 1x yubikey 5 series security key software systems a ess matrix 1 core infrastructure single sign on sso active corporate email created slack license assigned 2 security tools admin rights provisioned for crowdstrike falcon splunk siem enterprise and aws identity management 3 hr productivity workday a ess configured jira confluence developer seats assigned logistics and shipping details hardware equipment package shipped via fedex priority overnight tracking to employee s remote address in denver co scheduled delivery date august 28 2026 it orientation session a 45 minute remote onboarding session is scheduled for september 1 at 09 30 am est an it systems administrator will guide the new hire through initial password setup multi factor authentication enrollment and secure vpn routing synthetic dataset category hr doc id doc hr 026
hr,talent acquisition internal transfer and promotion notice silverline logistics august 2026 internal mobility announcement to regional operations division from vice president of human resources date august 18 2026 subject promotion announcement regional fleet director it is our absolute pleasure to announce the promotion of robert sterling to the role of regional fleet director for the eastern seaboard division effective september 1 2026 robert joined silverline logistics six years ago as a terminal operations supervisor and has consistently demonstrated operational excellence strategic vision and dedicated team leadership most recently as senior operations manager he spearheaded the deployment of our automated route optimization software reducing fleet fuel consumption by 11 across 14 distribution hubs in his new capacity as regional fleet director robert will oversee all asset management maintenance protocols driver safety programs and regulatory compliance for over 450 commercial vehicles and 600 transport personnel please join us in congratulating robert on his well deserved promotion and wishing him continued su ess in his new leadership role synthetic dataset category hr doc id doc hr 027
hr,hr compliance annual equal employment opportunity eeo notice crestline mortgage bancorp 2026 equal employment oppo unity eeo affirmative action statement to all employees applicants and business partners issued by office of equal opportunity hr legal compliance effective date january 1 2026 crestline mortgage bancorp is an equal opportunity employer we are committed to maintaining a work environment that values diversity equity and inclusion and prohibits discrimination or harassment of any kind policy scope all employment decisions including recruitment hiring placement promotion termination layoff recall transfer leaves of absence compensation and training are made strictly on the basis of individual qualifications merit and business need protected classes we do not discriminate against any employee or applicant on the basis of race color religion sex sexual orientation gender identity or expression national origin age disability genetic information marital status amnesty or status as a covered veteran in a ordance with applicable federal state and local laws affirmative action plan as a federal contractor crestline mortgage bancorp maintains an active affirmative action program designed to ensure equal opportunity for women minorities protected veterans and individuals with disabilities the non confidential portions of our affirmative action plan are available for inspection by appointment in the hr department during standard business hours synthetic dataset category hr doc id doc hr 028
hr,employee relations formal dispute resolution policy pinnacle financial partners august 2026 workplace dispute resolution and open door policy objective pinnacle financial partners believes that open communication is vital to resolving workplace concerns promptly and fairly this policy outlines the structured steps employees should take when seeking resolution for work related conflicts policy misunderstandings or unfair treatment step 1 informal open door discussion employees are encouraged to discuss any concerns directly with their immediate supervisor first most workplace issues can be resolved quickly through informal dialogue step 2 hr business partner escalation if the concern involves the immediate supervisor or remains unresolved after step 1 the employee may submit a written statement to their assigned hr business partner hr will meet with the employee within 5 business days to review the grievance and facilitate a mediated discussion step 3 formal panel review if step 2 does not yield a mutually a eptable solution the employee may request a formal review by the dispute resolution panel composed of the chief human resources officer a peer level employee representative and an executive officer the decision of the panel will be issued in writing within 10 business days and represents the final internal determination synthetic dataset category hr doc id doc hr 029
hr,offboarding exit property return and severance checklist aethelion networks inc august 2026 offboarding asset clearance and severance checklist separating employee daniel cho department product design separation date august 21 2026 hr representative melissa grant asset clearance status company laptop macbook pro 16 returned verified by it building a ess keycard parking pass returned verified by security corporate credit card canceled returned verified by ap external storage security keys returned verified by it system a ess revocation all network credentials vpn tunnels and saas software seats workday slack figma github will be deactivated automatically at 17 00 est on august 21 2026 severance payroll finalization final wages earned pay for the period august 16 21 plus 38 hours of unused pto will be disbursed on august 31 via standard direct deposit severance agreement general release signed on august 18 severance payout of 4 weeks base salary will be remitted on september 15 pending expiration of the statutory 7 day revocation period synthetic dataset category hr doc id doc hr 030
legal,non disclosure agreement nda mutual non disclosure agreement zenith horizon technologies october 2026 mutual non disclosure agreement this mutual non disclosure agreement the agreement is entered into as of october 12 2026 the effective date by and between zenith horizon technologies a delaware corporation having its principal place of business at 400 innovation drive austin tx 78701 zenith and kestrel dynamics llc a california limited liability company having its principal place of business at 1500 valley road san jose ca 95131 kestrel zenith and kestrel may be referred to individually as a party or collectively as the parties 1 purpose the parties intend to engage in discussions regarding a potential strategic partnership involving aerospace drone manufacturing the purpose in connection with these discussions it may be necessary for either party the disclosing party to disclose certain confidential and proprietary information to the other party the receiving party 2 definition of confidential information confidential information shall mean any and all non public proprietary information whether oral written electronic or in any other form disclosed by the disclosing party to the receiving party that is designated as confidential or that given the nature of the information or circumstances surrounding its disclosure reasonably should be understood to be confidential this includes without limitation technical specifications source code business plans financial projections and customer lists 3 obligations of receiving party the receiving party agrees to a maintain the disclosing party s confidential information in strict confidence b not disclose such confidential information to any third party without the prior written consent of the disclosing party c restrict a ess to the confidential information solely to its employees directors and legal advisors who have a need to know for the purpose and who are bound by confidentiality obligations at least as restrictive as those contained herein 4 term this agreement shall commence on the effective date and remain in effect for a period of two 2 years the obligations of confidentiality shall survive for a period of three 3 years following the expiration or termination of this agreement 5 governing law this agreement shall be governed by and construed in a ordance with the laws of the state of delaware without synthetic dataset category legal doc id doc leg 001
legal,cease and desist letter demand to cease trademark infringement sterling vance legal counsel august 2026 via ce ified mail return receipt requested date august 18 2026 to mr arthur pendelton ceo novapeak logistics inc 800 industrial way suite 200 seattle wa 98104 re notice of trademark infringement and demand to cease and desist dear mr pendelton we represent aethelion networks inc aethelion in matters regarding its intellectual property it has recently come to our client s attention that your company novapeak logistics inc has been utilizing the name aethercloud the infringing mark in commerce in connection with your newly launched supply chain management software suite aethelion is the exclusive owner of the registered trademark aethercloud u s trademark registration no 6 882 109 which has been in continuous commercial use since february 2021 in connection with enterprise networking and cloud routing services your unauthorized use of the infringing mark is likely to cause widespread confusion mistake and deception among consumers as to the source sponsorship or affiliation of your software services such use constitutes trademark infringement and unfair competition under the lanham act 15 u s c 1114 and 1125 a as well as under applicable state laws demand we hereby demand that novapeak logistics inc immediately take the following actions 1 cease and desist from any and all further use of the mark aethercloud or any confusingly similar variations thereof 2 remove the infringing mark from all websites social media a ounts marketing collateral and software interfaces within your control 3 provide written assurance to our office no later than september 1 2026 confirming that novapeak logistics inc has complied with these demands and will refrain from future use of the client s intellectual property if you fail to comply with these demands by the stated deadline aethelion networks inc has authorized us to pursue all available legal and equitable remedies to protect its intellectual property rights including filing a lawsuit seeking injunctive relief disgorgement of profits and attorneys fees synthetic dataset category legal doc id doc leg 002
legal,settlement agreement confidential settlement and release agreement vanguard mutual casualty august 2026 confidential settlement agreement and general release this confidential settlement agreement and general release the agreement is made and entered into as of august 18 2026 by and between sarah jenkins claimant and dynamic logistics solutions llc respondent claimant and respondent are collectively referred to herein as the parties whereas on or about may 12 2025 claimant filed a civil action in the superior court of the state of california county of los angeles captioned jenkins v dynamic logistics solutions llc case no 25 cv 88491 the litigation alleging personal injuries arising from a motor vehicle collision and whereas the parties without admitting any liability fault or wrongdoing desire to fully and finally resolve and settle all claims controversies and disputes between them arising out of or related to the litigation now therefore in consideration of the mutual promises and covenants contained herein the parties agree as follows 1 settlement payment within fourteen 14 days of the execution of this agreement respondent s insurance carrier vanguard mutual casualty shall issue a settlement check in the amount of two hundred fifty thousand dollars 250 000 00 the settlement amount made payable to sarah jenkins and the law offices of sterling vance as attorneys 2 general release of claims in exchange for the settlement amount claimant hereby completely releases and forever discharges respondent its insurers agents employees and affiliates from any and all claims demands causes of action damages or liabilities of any nature whatsoever known or unknown arising out of the incident described in the litigation 3 waiver of california civil code section 1542 claimant expressly waives any and all rights and benefits conferred by section 1542 of the california civil code which states a general release does not extend to claims that the creditor or releasing party does not know or suspect to exist in his or her favor at the time of executing the release 4 dismissal with prejudice within five 5 business days of receipt of the settlement amount claimant s counsel shall file a request for dismissal with prejudice of the entire litigation 5 confidentiality the parties agree to keep the terms amount and fact of this settlement strictly confidential except as required by law court order or to their respective tax advisors synthetic dataset category legal doc id doc leg 003
legal,end user license agreement eula software end user license agreement novatech cloud solutions effective september 2026 end user license agreement eula impo ant read carefully this end user license agreement eula is a binding legal agreement between you either an individual or a single legal entity hereinafter licensee and novatech cloud solutions licensor for the zero trust armor enterprise cybersecurity software the software by downloading installing or otherwise using the software you agree to be bound by the terms of this eula if you do not agree to these terms do not install or use the software 1 grant of license subject to the terms and conditions of this eula and the timely payment of all applicable subscription fees licensor grants licensee a limited non exclusive non transferable and revocable license to install and use the software internally for the licensee s own business operations 2 restrictions on use licensee shall not and shall not permit any third party to a reverse engineer decompile disassemble or otherwise attempt to derive the source code of the software b modify adapt alter or create derivative works based upon the software c rent lease sublicense distribute or operate the software in a time sharing outsourcing or service bureau environment d remove alter or obscure any proprietary notices copyright labels or trademarks on the software 3 ownership and intellectual property the software is licensed not sold licensor retains all right title and interest in and to the software including all associated intellectual property rights patents copyrights and trade secrets no rights are granted to licensee other than as expressly set forth herein 4 warranty disclaimer the software is provided as is without warranty of any kind licensor expressly disclaims all warranties whether express implied or statutory including without limitation the implied warranties of merchantability fitness for a pa icular purpose and non infringement licensor does not warrant that the software will operate uninterrupted or error free 5 limitation of liability in no event shall licensor be liable for any indirect incidental special punitive or consequential damages including loss of profits data or business synthetic dataset category legal doc id doc leg 004
legal,memorandum of understanding mou mou for joint venture expansion vertex biopharma crestview health august 2026 memorandum of understanding this memorandum of understanding mou is entered into this 18th day of august 2026 by and between vertex biopharma ltd vertex and crestview health systems inc crestview vertex and crestview are collectively referred to as the parties 1 background and purpose vertex has developed a proprietary portfolio of targeted oncology biologics crestview operates a network of comprehensive cancer treatment centers across the pacific northwest the parties intend to form a strategic joint venture the joint venture to co develop fund and operate a dedicated phase ii clinical trial facility in portland oregon the purpose of this mou is to establish the preliminary framework for the joint venture 2 proposed structure a ownership the joint venture will be established as a newly formed delaware limited liability company tentatively named vc oncology trials llc vertex will hold a 60 equity interest and crestview will hold a 40 equity interest b capital contributions vertex commits to an initial capital injection of 12 5 million crestview commits to providing 4 0 million in capital and a 15 year master lease for the 22 000 square foot clinical facility located at 100 medical plaza portland or c governance the board of managers will consist of five members three appointed by vertex and two appointed by crestview unanimous consent will be required for major decisions including acquiring debt exceeding 1 0 million or issuing additional equity 3 exclusivity and due diligence from the execution date of this mou until november 15 2026 the exclusivity period neither party shall engage in discussions with any third party regarding the establishment of a similar clinical trial joint venture in the pacific northwest region the parties will conduct mutual operational legal and financial due diligence during this period 4 binding effect except for section 3 exclusivity and due diligence and section 5 confidentiality which are legally binding upon execution this mou does not create any legally binding obligations the formation of the joint venture is expressly contingent upon the negotiation execution and delivery of a definitive joint venture agreement and related operating agreements synthetic dataset category legal doc id doc leg 005
legal,priv acy policy website priv acy policy zenith horizon technologies august 18 2026 website priv acy policy last updated august 18 2026 this privacy policy describes how zenith horizon technologies we us or our collects uses and shares your personal information when you use our website and associated services 1 information collection we collect information you provide directly such as your name email address and billing information when you register for an a ount we also automatically collect certain device information including your ip address browser type and operating system utilizing cookies and tracking technologies 2 use of information we use your data to provide and improve our services process transactions and communicate with you regarding updates or promotional offers we rely on your active consent and our legitimate business interests to process this data 3 data sharing we do not sell your personal data to third parties however we may share information with trusted service providers who assist us in operating our website provided they agree to maintain strict confidentiality we may also disclose information if required by law or in response to valid requests by public authorities 4 your rights depending on your jurisdiction such as under the california consumer privacy act ccpa or the general data protection regulation gdpr you may have the right to a ess correct or delete your personal data to exercise these rights please contact our data protection officer at privacy 5 security we implement commercially reasonable security measures to protect your information from unauthorized a ess alteration or destruction however no method of transmission over the internet is completely secure by continuing to use our services you consent to the data practices described in this policy synthetic dataset category legal doc id doc leg 006
legal,independent contractor agreement independent contractor agreement kestrel dynamics llc august 2026 independent contractor agreement this independent contractor agreement the agreement is made effective as of august 20 2026 by and between kestrel dynamics llc client and marcus v sterling contractor 1 services contractor agrees to provide freelance graphic design and branding services to the client specifically focusing on the redesign of the client s primary marketing website and logo suite the services 2 compensation in consideration for the services client shall pay contractor a flat fee of 12 500 a non refundable deposit of 4 000 is due upon execution of this agreement with the remaining balance payable net 30 days following the final delivery and a eptance of all design assets 3 independent contractor status contractor is an independent contractor not an employee agent or partner of the client contractor shall be solely responsible for the payment of all federal state and local income taxes social security taxes and unemployment taxes arising from the compensation paid under this agreement contractor is not entitled to any benefits including but not limited to health insurance paid time off or retirement contributions 4 intellectual property upon receipt of full payment contractor hereby assigns and transfers to client all right title and interest in and to all deliverables designs and work product created under this agreement contractor retains the right to display the finalized work in their professional portfolio for promotional purposes only 5 termination either party may terminate this agreement with fourteen 14 days written notice in the event of early termination contractor shall be compensated for all work satisfactorily completed prior to the termination date upon termination contractor must return all client materials and proprietary data synthetic dataset category legal doc id doc leg 007
legal,power of attorney durable general power of attorney eleanor r vance august 2026 durable general power of attorney i eleanor r vance residing at 4492 maplewood drive portland oregon hereby appoint julian t sterling residing at 881 pinecrest lane beaverton oregon as my true and lawful attorney in fact agent to act for me and in my name place and stead 1 grant of authority i grant my agent full power and authority to manage and conduct all of my affairs and to exercise all of my legal rights and powers including the right to act regarding real property banking and financial institution transactions insurance matters tax matters and estate transactions this includes the authority to open close and manage bank a ounts withdraw funds endorse checks and sign tax returns on my behalf 2 durability this power of attorney shall not be affected by my subsequent disability incapacity or incompetence it shall remain in full force and effect until my death or until explicitly revoked by me in writing 3 reliance by third parties any third party who receives a copy of this document may rely on it revocation of this power of attorney is not effective as to a third party until the third party has actual knowledge of the revocation i agree to indemnify the third party for any claims that arise against the third party because of reliance on this power of attorney 4 governing law this document shall be governed by the laws of the state of oregon in witness whereof i have executed this durable general power of attorney on this 18th day of august 2026 synthetic dataset category legal doc id doc leg 008
legal,corporate bylaws amended and restated bylaws radiant energy corp august 2026 amended and restated bylaws of radiant energy corp a delaware corporation a icle i shareholders section 1 annual meeting the annual meeting of the shareholders for the election of directors and for the transaction of such other business as may properly come before the meeting shall be held each year on the second tuesday of may at a time and place designated by the board of directors section 2 special meetings special meetings of the shareholders may be called at any time by the chairman of the board the chief executive officer or by the board of directors pursuant to a resolution adopted by a majority of the total number of authorized directors section 3 quorum the holders of a majority of the stock issued and outstanding and entitled to vote thereat present in person or represented by proxy shall constitute a quorum at all meetings of the shareholders for the transaction of business a icle ii board of directors section 1 general powers the business and affairs of the corporation shall be managed by or under the direction of the board of directors section 2 number and tenure the number of directors shall be fixed from time to time exclusively by the board of directors but shall not be fewer than three 3 nor more than nine 9 each director shall hold office until the next annual meeting of shareholders and until their su essor is elected and qualified or until their earlier death resignation or removal section 3 removal any director may be removed from office with or without cause by the affirmative vote of the holders of a majority of the voting power of all then outstanding shares of capital stock of the corporation entitled to vote generally in the election of directors synthetic dataset category legal doc id doc leg 009
legal,terms of service software terms of service apex logistics platforms august 2026 terms of service last modified august 18 2026 welcome to apex logistics platforms apex we our these terms of service terms govern your a ess to and use of our proprietary fleet management software as a service the service 1 a eptance of terms by a essing registering for or using the service you agree to be bound by these terms and our privacy policy if you are entering into these terms on behalf of a company or other legal entity you represent that you have the authority to bind such entity to these terms 2 license and restrictions we grant you a non exclusive non transferable limited right to a ess and use the service solely for your internal business operations you shall not a sublicense resell or lease the service b attempt to reverse engineer or decipher any source code or c use the service to store or transmit infringing libelous or otherwise unlawful material 3 fees and payment subscription fees are billed in advance on a monthly or annual basis and are non refundable you agree to provide valid and updated credit card or ach information if an a ount falls 30 days into arrears we reserve the right to suspend a ess to the service until all outstanding balances are settled in full 4 data ownership you retain all rights to the data you input into the service you grant apex a worldwide royalty free license to host copy and transmit your data strictly as necessary to provide the service to you 5 termination either party may terminate this agreement with 30 days written notice upon termination your right to use the service will immediately cease and all cached data will be deleted in a ordance with our data retention policies synthetic dataset category legal doc id doc leg 010
legal,commercial lease agreement standard commercial lease ironwood retail properties november 2026 commercial lease agreement this commercial lease agreement the lease is entered into on october 15 2026 by and between ironwood retail properties llc landlord and crimson bean coffee co tenant 1 premises landlord hereby leases to tenant and tenant hereby leases from landlord the commercial retail space located at 850 west market street suite 102 portland oregon the premises consisting of approximately 1 800 rentable square feet 2 term the initial term of this lease shall be for a period of five 5 years commencing on november 1 2026 the commencement date and terminating on october 31 2031 tenant shall have one 1 option to renew this lease for an additional five 5 year term provided written notice is given to landlord at least one hundred eighty 180 days prior to the expiration of the initial term 3 base rent tenant agrees to pay landlord an initial base rent of four thousand five hundred dollars 4 500 00 per month base rent shall be due and payable on the first day of each calendar month the base rent shall increase by three percent 3 annually on the anniversary of the commencement date 4 operating expenses triple net this lease is a triple net nnn lease in addition to the base rent tenant shall be responsible for paying its proportionate share 12 5 of the building s operating expenses including but not limited to real estate taxes property insurance and common area maintenance cam fees 5 use of premises the premises shall be used exclusively for the operation of a retail coffee shop and bakery and for no other purpose without the prior written consent of the landlord tenant shall comply with all local state and federal health and safety regulations applicable to food service establishments synthetic dataset category legal doc id doc leg 011
legal,last will and testament last will and testament jonathan arthur vance august 2026 last will and testament of jonathan a hur v ance i jonathan arthur vance currently residing at 4492 maplewood drive seattle washington being of sound mind and disposing memory do hereby make publish and declare this document to be my last will and testament hereby revoking all prior wills and codicils made by me a icle i family i declare that i am married to martha v vance hereinafter my spouse and i have two biological children david l vance and sarah t vance a icle ii payment of debts and expenses i direct my executor to pay all my legally enforceable debts expenses of my last illness funeral expenses and administration expenses of my estate as soon as practicable after my death out of the residuary of my estate a icle iii disposition of prope y 1 specific bequests i hereby leave my vintage 1968 ford mustang vin 8f02j100456 to my son david l vance 2 residuary estate i give devise and bequeath all the rest residue and remainder of my estate both real and personal of whatsoever kind and wheresoever situated to my spouse martha v vance provided she survives me by at least thirty 30 days 3 alternate beneficiaries if my spouse does not survive me by thirty 30 days i direct that my residuary estate be divided into equal shares and distributed to my surviving children a icle iv nomination of executor i nominate constitute and appoint my spouse martha v vance to serve as the executor of this my last will and testament if she is unable or unwilling to serve i nominate my brother thomas r vance as alternate executor i direct that no bond or surety shall be required of my executor in any jurisdiction in witness whereof i have subscribed my name to this last will and testament this 20th day of august 2026 synthetic dataset category legal doc id doc leg 012
legal,patent assignment agreement patent and invention assignment quantum biotech llc august 2026 patent assignment agreement this patent assignment agreement the assignment is made and effective as of august 22 2026 by and between dr elias thorne an individual residing at 1045 horizon blvd san diego ca 92121 assignor and quantum biotech llc a delaware limited liability company assignee whereas assignor is the true and lawful inventor of a certain invention entitled synthetic peptide delivery mechanism for oncology therapeutics the invention for which a united states provisional patent application no 63 992 104 was filed on april 15 2026 the patent application and whereas assignee desires to acquire the entire right title and interest in and to the invention and the patent application along with any subsequent patents that may issue therefrom now therefore for good and valuable consideration the receipt and sufficiency of which are hereby acknowledged the parties agree as follows 1 assignment of rights assignor hereby sells assigns transfers and conveys to assignee its su essors and assigns the entire right title and interest worldwide in and to the invention the patent application and any and all patents continuations continuations in part divisionals reissues and extensions that may be granted therefor in the united states and all foreign countries 2 further assurances assignor agrees to execute and deliver any and all further lawful documents oaths declarations and assignments and to perform all lawful acts that assignee may reasonably request in order to secure maintain and enforce the patent rights herein assigned without further compensation but at assignee s sole expense 3 warranty assignor warrants that he is the sole owner of the rights herein assigned that the rights are free and clear of any encumbrances liens or licenses and that he has the full legal capacity to execute this assignment synthetic dataset category legal doc id doc leg 013
legal,master services agreement msa master services agreement apex logistics meridian staffing august 2026 master services agreement this master services agreement msa is made effective as of august 26 2026 by and between apex logistics llc client and meridian staffing solutions inc service provider 1 provision of services service provider agrees to provide temporary warehouse and logistics staffing services to client as requested from time to time the specific details of the staffing requests including role descriptions hourly rates and duration will be outlined in separate statements of work sow executed by both parties each sow shall be governed by the terms of this msa 2 independent contractor service provider operates as an independent contractor personnel supplied by service provider shall not be considered employees of the client for any purpose including but not limited to workers compensation unemployment insurance or employee benefits service provider assumes full responsibility for the payment of all state and federal taxes payroll deductions and benefits for its personnel 3 indemnification service provider shall indemnify defend and hold harmless client its officers directors and employees from and against any and all claims damages liabilities costs and expenses including reasonable attorneys fees arising out of or resulting from the gross negligence willful misconduct or violation of law by service provider or its personnel in the performance of the services 4 limitation of liability except for obligations arising under indemnification or confidentiality neither pa y shall be liable to the other for any indirect special incidental punitive or consequential damages including lost profits even if advised of the possibility of such damages client s total liability under this msa shall not exceed the total amounts paid or payable to service provider under the applicable sow during the six 6 months preceding the claim 5 term and termination this msa shall remain in effect for a period of two 2 years either party may terminate this msa without cause upon sixty 60 days prior written notice synthetic dataset category legal doc id doc leg 015
legal,board resolution corporate board resolution series b financing aethelion networks inc august 2026 action by written consent of the board of directors of aethelion networks inc the undersigned constituting all of the members of the board of directors the board of aethelion networks inc a delaware corporation the company do hereby consent to and adopt the following resolutions in lieu of holding a formal meeting effective as of august 28 2026 authorization of series b preferred stock issuance whereas the board has determined that it is in the best interests of the company and its stockholders to raise additional capital through the issuance and sale of shares of the company s series b preferred stock and whereas the board has reviewed the terms and conditions of the proposed series b preferred stock purchase agreement the purchase agreement by and among the company and the investors listed on the schedule of investors attached thereto led by vanguard venture partners now therefore be it resolved that the proper officers of the company be and each of them hereby is authorized and empowered to execute and deliver the purchase agreement providing for the issuance and sale of up to 5 000 000 shares of series b preferred stock at a purchase price of 5 00 per share for an aggregate principal amount of up to 25 000 000 00 resolved fu her that the company is authorized to file the amended and restated certificate of incorporation with the secretary of state of the state of delaware to designate the rights preferences privileges and restrictions of the series b preferred stock resolved fu her that all actions previously taken by any officer or director of the company in connection with the transactions contemplated by these resolutions are hereby ratified confirmed and approved in all respects synthetic dataset category legal doc id doc leg 016
legal,promissory note secured promissory note first pioneer bank august 2026 secured promissory note principal amount 1 500 000 00 date august 29 2026 lender first pioneer bank borrower horizon logistics llc for v alue received horizon logistics llc a texas limited liability company borrower promises to pay to the order of first pioneer bank lender the principal sum of one million five hundred thousand dollars 1 500 000 00 together with interest on the unpaid principal balance from the date of this note until paid in full 1 interest rate the outstanding principal balance shall bear interest at a fixed rate of seven and one half percent 7 50 per annum calculated on the basis of a 360 day year consisting of twelve 30 day months 2 repayment terms borrower shall make fifty nine 59 consecutive monthly installments of principal and interest in the amount of 13 901 85 commencing on october 1 2026 a final balloon payment consisting of the entire unpaid principal balance and all a rued but unpaid interest shall be due and payable on september 1 2031 the maturity date 3 security this note is secured by a first priority security interest in all commercial fleet vehicles and related equipment owned by the borrower as more fully described in the commercial security agreement dated evenly herewith 4 default and acceleration if borrower fails to make any payment when due and such failure continues for ten 10 days lender may declare the entire unpaid principal balance and all a rued interest immediately due and payable without further notice or demand in the event of default the interest rate shall increase to a default rate of twelve percent 12 0 per annum 5 prepayment borrower may prepay this note in whole or in part at any time without penalty or premium synthetic dataset category legal doc id doc leg 017
legal,esop grant notice notice of stock option grant zenith horizon technologies august 2026 notice of stock option grant participant name marcus reed date of grant august 30 2026 vesting commencement date september 1 2026 number of shares 5 000 exercise price per share 12 50 type of option incentive stock option iso zenith horizon technologies inc the company is pleased to grant you an option the option to purchase shares of the company s common stock the shares under the 2025 equity incentive plan the plan this grant is subject to the terms and conditions set forth in this notice the attached stock option agreement and the plan vesting schedule the shares subject to this option shall vest and become exercisable in a ordance with the following schedule provided you remain in continuous service with the company as an employee director or consultant through each applicable vesting date 25 of the total shares 1 250 shares shall vest on the first anniversary of the vesting commencement date the cliff date thereafter the remaining 75 of the shares shall vest in thirty six 36 equal monthly installments of 104 16 shares on the first day of each calendar month such that the option will be 100 vested on the fourth anniversary of the vesting commencement date termination of service in the event your continuous service with the company terminates for any reason other than cause death or disability you may exercise any vested portion of this option for a period of ninety 90 days following your termination date any unvested portion of the option will be immediately forfeited upon termination by signing below or electronically a epting this grant via the shareworks portal you acknowledge receipt of the plan and agree to abide by all of its governing terms synthetic dataset category legal doc id doc leg 018
legal,notice of default notice of default and intent to foreclose crestline mortgage bancorp august 2026 notice of default and intent to foreclose date august 31 2026 sent via certified mail first class mail borrower david lin property address 440 west elm street dallas tx 75201 loan number 884 209 114 dear david lin you are hereby notified that you are in default under the terms of the promissory note and deed of trust dated april 12 2022 securing the real property located at the address listed above the property nature of default you have failed to make the required monthly mortgage payments for the months of june july and august 2026 amount required to cure default to cure this default and bring your loan current you must pay the total past due amount of 14 500 00 this amount includes past due principal interest escrow shortages and a rued late fees deadline to cure you have thirty 30 days from the date of this notice which is september 30 2026 to pay the total amount required to cure the default payments must be made in the form of certified funds cashier s check or wire transfer consequences of failure to cure if you fail to cure the default by the stated deadline crestline mortgage bancorp intends to exercise its right to a elerate the maturity of the loan declaring the entire outstanding principal balance and all a rued interest immediately due and payable furthermore we will instruct the designated trustee to initiate foreclosure proceedings to sell the property at public auction to satisfy the debt you have the right to reinstate the loan after a eleration and the right to assert in court the non existence of a default or any other defense to a eleration and foreclosure if you are experiencing financial hardship please contact our loss mitigation department immediately at 1 800 555 0199 to discuss potential alternatives to foreclosure synthetic dataset category legal doc id doc leg 019
legal,data processing agreement data processing agreement gdpr ccpa starlight media dataflow analytics august 2026 data processing agreement this data processing agreement dpa is an addendum to the master services agreement between starlight media group controller and dataflow analytics llc processor 1 scope and applicability this dpa applies exclusively to the processing of personal data as defined by the gdpr and ccpa by the processor on behalf of the controller in the course of providing the analytics and targeted marketing services outlined in the underlying agreement 2 processing instructions processor shall process personal data only on documented instructions from the controller unless required to do so by applicable eu member state or us federal law if processor believes an instruction infringes applicable data protection laws it shall immediately inform the controller 3 security measures processor shall implement appropriate technical and organizational measures to ensure a level of security appropriate to the risk including but not limited to the encryption of personal data in transit and at rest the implementation of robust identity and a ess management controls and regular penetration testing of its infrastructure 4 sub processors controller grants processor general authorization to engage third party sub processors processor shall maintain an up to date list of its sub processors and provide controller with at least 30 days advance notice of any intended additions or replacements giving controller the opportunity to object 5 personal data breach notification in the event of a confirmed personal data breach affecting controller s data processor shall notify controller without undue delay and in no event later than 72 hours after becoming aware of the breach processor shall provide reasonable assistance in investigating and mitigating the breach 6 deletion or return of data upon termination of the underlying services processor shall at the choice of the controller delete or return all personal data to the controller and delete existing copies unless applicable law requires continued storage synthetic dataset category legal doc id doc leg 020
legal,subpoena duces tecum federal cou subpoena united states district court august 2026 united states district cou for the no hern district of california subpoena to produce documents information or objects or to permit inspection of premises in a civil action to apex logistics platforms llc 400 tech center drive san francisco ca 94105 you are commanded to produce at the time date and place set forth below the following documents electronically stored information or objects and to permit inspection copying testing or sampling of the material schedule a documents to be produced 1 all email communications slack messages and internal memos dated between january 1 2024 and december 31 2025 concerning the development licensing and marketing of the routeoptimizer 4 0 software module 2 all financial records ledgers and a ounting statements reflecting gross revenue generated from the sale or licensing of the routeoptimizer 4 0 software module to third party logistics providers 3 complete source code repositories including commit logs and version histories for the routing algorithm implemented in the aforementioned software place of production law offices of sterling vance 100 market street suite 500 san francisco ca 94104 date and time september 15 2026 at 10 00 am pacific time this subpoena is issued on behalf of the plaintiff horizon retail group in the matter of horizon retail group v apex logistics platforms llc civil action no 26 cv 08912 if you object to this subpoena or any part thereof you must file a motion to quash or modify the subpoena with the issuing court before the date of compliance failure to obey this subpoena without adequate excuse may be deemed a contempt of court synthetic dataset category legal doc id doc leg 021
legal,a icles of incorporation a icles of incorporation state of delaware august 2026 amended and restated ce ificate of incorporation of radiant energy corp first the name of the corporation is radiant energy corp hereinafter the corporation second the address of the registered office of the corporation in the state of delaware is 1209 orange street city of wilmington county of new castle delaware 19801 the name of its registered agent at such address is the corporation trust company third the nature of the business or purposes to be conducted or promoted is to engage in any lawful act or activity for which corporations may be organized under the general corporation law of the state of delaware the dgcl fou h the total number of shares of all classes of stock which the corporation shall have authority to issue is one hundred million 100 000 000 shares consisting of a ninety million 90 000 000 shares of common stock par value 0 0001 per share b ten million 10 000 000 shares of preferred stock par value 0 0001 per share the board of directors is expressly authorized to provide for the issuance of all or any shares of the preferred stock in one or more classes or series and to fix for each such class or series such voting powers full or limited or no voting powers and such designations preferences and relative participating optional or other special rights and such qualifications limitations or restrictions thereof fifth the business and affairs of the corporation shall be managed by or under the direction of the board of directors in addition to the powers and authority expressly conferred upon them by statute or by this certificate of incorporation the directors are hereby empowered to exercise all such powers and do all such acts and things as may be exercised or done by the corporation synthetic dataset category legal doc id doc leg 022
legal,software reseller agreement v alue added reseller v ar agreement novatech cloud solutions effective september 2026 v alue added reseller agreement this value added reseller agreement the agreement is made as of august 25 2026 the effective date by and between novatech cloud solutions novatech and quantum it implementations llc reseller 1 appointment and scope novatech hereby appoints reseller as a non exclusive independent value added reseller to market promote and sell novatech s zero trust armor enterprise software the products to end users located in the united states and canada the territory reseller a epts such appointment and agrees to use commercially reasonable efforts to market and sell the products 2 v alue added services as a condition of this appointment reseller agrees that it shall not sell the products as standalone commodities reseller must bundle the products with significant value added services including but not limited to systems integration custom configuration network architecture consulting and tier 1 technical support collectively value added services 3 pricing and discounts reseller shall purchase the products from novatech at the wholesale pricing set forth in exhibit a which reflects a standard discount of thirty percent 30 off novatech s published minimum advertised price map reseller is free to establish its own retail pricing for the bundled products and value added services provided it does not explicitly advertise the products alone below the map 4 intellectual prope y novatech retains all right title and interest in the products including all intellectual property rights reseller is granted a limited revocable right to use novatech s trademarks and logos solely for the marketing and promotion of the products in a ordance with novatech s brand guidelines 5 term and termination this agreement shall have an initial term of one 1 year from the effective date either party may terminate this agreement without cause upon sixty 60 days written notice synthetic dataset category legal doc id doc leg 023
legal,trademark license agreement exclusive trademark licensing agreement global brand holdings august 2026 trademark license agreement this trademark license agreement the agreement is entered into on august 26 2026 by and between global brand holdings llc licensor and vanguard athletic apparel inc licensee 1 grant of license subject to the terms and conditions of this agreement licensor grants to licensee an exclusive royalty bearing non transferable license to use the trademark aero stride the mark solely in connection with the manufacturing marketing and distribution of men s and women s athletic footwear the licensed products within the european union the territory 2 quality control licensee acknowledges that the preservation of the high quality of the mark is critical licensee agrees that all licensed products shall meet or exceed the quality standards previously established by licensor before commencing commercial production licensee shall submit pre production samples of the licensed products and corresponding packaging to licensor for written approval licensor reserves the right to inspect licensee s manufacturing facilities upon reasonable notice 3 royalties and payments in consideration for the rights granted herein licensee shall pay licensor a running royalty of six percent 6 0 of the net sales of all licensed products net sales shall mean the gross invoice amount billed to customers less standard trade discounts returns and applicable sales taxes royalties shall be calculated quarterly and remitted within thirty 30 days following the end of each calendar quarter a ompanied by a detailed sales report 4 infringement defense licensee shall promptly notify licensor of any suspected unauthorized use or infringement of the mark by third parties in the territory licensor shall have the sole right but not the obligation to bring an infringement action if licensor declines to act within sixty 60 days licensee may pursue the infringement action at its own expense 5 term the initial term of this license shall be five 5 years renewable upon mutual written agreement synthetic dataset category legal doc id doc leg 024
legal,llc operating agreement limited liability company operating agreement meridian data solutions llc august 2026 operating agreement of meridian data solutions llc this operating agreement the agreement of meridian data solutions llc a nevada limited liability company the company is entered into as of august 27 2026 by and between jonathan r vance holding a 60 membership interest and sarah t sterling holding a 40 membership interest collectively the members a icle i organization 1 1 formation the members have formed a limited liability company under the laws of the state of nevada by filing articles of organization with the secretary of state 1 2 name the name of the company shall be meridian data solutions llc a icle ii capital contributions and accounts 2 1 initial contributions contemporaneously with the execution of this agreement jonathan r vance shall contribute 150 000 in cash and sarah t sterling shall contribute 100 000 in cash 2 2 additional contributions no member shall be obligated to make any additional capital contributions unless unanimously agreed upon by all members a icle iii management 3 1 management by members the company shall be managed by its members except as otherwise provided in this agreement all decisions concerning the management and ordinary operations of the company shall be made by the affirmative vote of members holding a majority of the membership interests the majority v ote 3 2 major decisions notwithstanding section 3 1 the following actions require the unanimous consent of all members a selling leasing or disposing of all or substantially all of the company s assets b merging or consolidating the company with another entity c admitting a new member or issuing new membership interests d incurring indebtedness in excess of 50 000 a icle iv allocations and distributions 4 1 profits and losses the net profits and net losses of the company shall be allocated to the members in proportion to their respective membership interests 4 2 distributions available cash flow shall be distributed to the members at such times and in such amounts as determined by a majority v ote provided that the company retains sufficient capital to meet its ongoing operational obligations synthetic dataset category legal doc id doc leg 025
legal,commercial guaranty unconditional commercial guaranty apex logistics platforms august 2026 unconditional commercial guaranty this unconditional commercial guaranty the guaranty is executed on august 28 2026 by arthur pendelton an individual residing at 1044 horizon drive seattle wa the guarantor in favor of first pioneer bank a national banking association the lender 1 obligations guaranteed to induce lender to extend credit to novapeak logistics inc a washington corporation the borrower under that certain commercial loan agreement dated august 28 2026 in the principal amount of 2 000 000 the loan guarantor hereby absolutely unconditionally and irrevocably guarantees to lender the full and prompt payment when due whether at maturity by a eleration or otherwise of all principal interest late fees collection costs and any other obligations of borrower arising under the loan collectively the indebtedness 2 nature of guaranty this is a guaranty of payment and performance and not merely of collection lender shall not be required to first exhaust its remedies against borrower or any collateral securing the loan before enforcing this guaranty against guarantor guarantor s liability under this guaranty is direct immediate and joint and several with the borrower 3 waivers by guarantor guarantor expressly waives a notice of a eptance of this guaranty b notice of any default by borrower c presentment demand protest and notice of dishonor d any defense arising by reason of any disability or other defense of borrower and e any right of subrogation reimbursement or indemnity against borrower until the indebtedness is paid in full 4 continuing guaranty this guaranty is a continuing guaranty and shall remain in full force and effect until all indebtedness has been fully and indefeasibly paid in cash any modifications extensions or renewals of the loan granted by lender to borrower shall not discharge limit or otherwise affect the liability of the guarantor synthetic dataset category legal doc id doc leg 026
legal,intellectual prope y assignment copyright and ip assignment agreement starlight media group august 2026 copyright and intellectual prope y assignment agreement this intellectual property assignment agreement the agreement is made effective as of august 29 2026 by and between cameron davis an independent contractor assignor and starlight media group a delaware corporation assignee 1 background assignor was engaged by assignee to develop design and write certain original digital marketing collateral specifically including the q4 enterprise logistics campaign encompassing five whitepapers twelve graphic advertisements and source files collectively the work product 2 assignment of rights for good and valuable consideration the receipt and sufficiency of which are hereby acknowledged assignor hereby irrevocably assigns transfers and conveys to assignee and its su essors and assigns all of assignor s right title and interest in and to the work product throughout the world this assignment includes without limitation all copyrights trade secrets moral rights trademark rights and any other intellectual property rights embodied in or related to the work product 3 waiver of moral rights to the extent permitted by applicable law assignor forever waives and agrees never to assert any and all moral rights including rights of attribution or integrity that assignor may have in the work product against assignee its licensees su essors or assigns 4 assistance and execution of documents assignor agrees to assist assignee in every proper way to obtain and enforce the intellectual property rights in the work product in any and all countries assignor will execute any additional documents applications or assignments reasonably requested by assignee to record or perfect the assignment granted herein if assignee is unable to secure assignor s signature on any such document assignor hereby irrevocably designates assignee as its attorney in fact to execute and file such documents on assignor s behalf 5 representations and warranties assignor represents and warrants that a the work product is original and solely the result of assignor s own efforts b the work product does not infringe upon the intellectual property rights of any third party and c assignor has the full legal right to execute this agreement synthetic dataset category legal doc id doc leg 027
legal,settlement offer pre litigation pre litigation settlement offer law offices of sterling vance august 2026 for settlement purposes only fed r evid 408 date august 30 2026 to legal department vanguard mutual casualty from julian t sterling esq counsel for david lin subject pre litigation settlement demand claim no ac 99201 b dear counsel as you are aware this firm represents mr david lin concerning the severe bodily injuries he sustained on july 28 2026 when your insured driving a commercial delivery truck ran a red light at the intersection of west elm street and market drive striking our client s vehicle on the driver s side liability in this matter is undisputed the attached police report clearly cites your insured for failure to obey a traffic control device furthermore dashcam footage from a third party witness confirms the negligent operation of the vehicle as a direct result of this collision mr lin suffered a fractured left clavicle a concussive traumatic brain injury tbi and severe cervical strain attached as exhibit a are mr lin s complete medical records to date his past medical specials currently stand at 42 500 00 furthermore mr lin is an independent software consultant whose injuries prevented him from working for five weeks attached as exhibit b is documentation of his lost wages totaling 18 400 00 mr lin continues to require intensive physical therapy and is experiencing ongoing cognitive fatigue given the clear liability the significant special damages and the substantial pain and suffering endured by our client we estimate the trial value of this claim to be well in excess of your insured s policy limits however in the interest of resolving this matter amicably and avoiding protracted litigation mr lin authorizes me to make a full and final settlement demand of one hundred fifty thousand dollars 150 000 00 this demand will remain open until 5 00 pm pst on september 15 2026 if we do not receive a favorable response by that time this offer will be withdrawn and we will proceed to file a formal complaint in civil court we look forward to your prompt response synthetic dataset category legal doc id doc leg 028
legal,independent sales representative agreement sales representative agreement horizon medical devices august 2026 independent sales representative agreement this independent sales representative agreement the agreement is effective as of august 30 2026 by and between horizon medical devices inc company and apex regional sales llc representative 1 appointment and territory company hereby appoints representative as its exclusive independent sales representative to solicit orders for the company s proprietary surgical instruments the products to hospitals and surgical centers within the states of ohio indiana and michigan the territory 2 duties of representative representative shall use its best efforts to promote the products within the territory representative is strictly prohibited from altering company s established pricing terms or conditions of sale all purchase orders solicited by representative are subject to final a eptance and approval by the company at its corporate headquarters 3 commissions company shall pay representative a commission of twelve percent 12 0 of net invoiced sales for all products sold within the territory during the term of this agreement net invoiced sales shall mean the gross sales price less any taxes freight charges returns and applicable trade discounts commissions shall be calculated monthly and paid by the 15th day of the month following the month in which the company receives actual payment from the customer 4 independent contractor representative is an independent contractor nothing in this agreement shall be construed to create an employer employee relationship partnership or joint venture representative shall be solely responsible for its own travel marketing and operational expenses 5 confidentiality representative acknowledges that it will have a ess to the company s confidential pricing matrices customer lists and product schematics representative agrees to hold such information in strict confidence during the term of this agreement and for a period of three 3 years thereafter 6 termination this agreement may be terminated by either party upon thirty 30 days written notice upon termination representative shall be entitled to commissions on orders a epted by the company prior to the effective date of termination synthetic dataset category legal doc id doc leg 029
legal,waiver and release of liability waiver and release of liability silverline logistics august 2026 waiver and release of liability read carefully before signing this document releases silverline logistics from legal liability event silverline logistics annual corporate retreat and team building excursion date of event september 10 2026 location cascade mountain adventure center oregon 1 assumption of risk i the undersigned participant acknowledge that i am voluntarily participating in the silverline logistics corporate retreat which includes activities such as high ropes courses zip lining and wilderness hiking the activities i understand that these activities inherently involve known and unknown risks of physical injury psychological trauma illness property damage or death i acknowledge that i am physically fit and possess the necessary capabilities to participate in these activities 2 release and waiver in consideration of being permitted to participate in the activities i on behalf of myself my heirs executors administrators and assigns hereby unconditionally and absolutely release waive and forever discharge silverline logistics its officers directors employees agents and the cascade mountain adventure center collectively the released parties from any and all claims demands causes of action damages or liabilities of any kind whether arising from the negligence of the released parties or otherwise resulting from my participation in the activities 3 indemnification i agree to indemnify and hold harmless the released parties from any and all claims actions suits procedures costs expenses damages and liabilities including attorney s fees brought as a result of my involvement in the activities 4 medical authorization in the event of an injury or medical emergency i authorize the released parties to secure emergency medical treatment on my behalf and i agree to be solely responsible for all costs associated with such treatment 5 governing law this waiver and release of liability shall be governed by and construed in a ordance with the laws of the state of oregon by signing below i certify that i have read this document fully understand its terms and agree to be bound by them voluntarily synthetic dataset category legal doc id doc leg 030
technical,incident post mo em incident post mortem us east database outage incident post mo em repo incident id inc 88219 date of incident august 14 2026 lead investigator marcus thorne site reliability engineering overview at 08 14 utc our primary database cluster in the us east 2 region experienced a catastrophic failure resulting in a 42 minute complete service outage for the core application suite time to detect ttd was 3 minutes and time to resolve ttr was 39 minutes root cause analysis the outage was triggered by a rogue automated maintenance script the script was designed to purge orphaned temporary tables but contained a regex error that matched against active production partition keys upon execution the script dropped three critical indexing tables causing the primary postgresql nodes to enter a fail safe read only state the automated failover mechanism to the us west secondary cluster failed to initialize due to a misconfigured heartbeat timeout setting introduced in the previous week s infrastructure update consequently application servers were unable to establish database connections throwing http 500 errors to end users resolution the sre team manually intervened at 08 22 utc we terminated the rogue script restored the dropped index tables from the 08 00 utc continuous snapshot and forced a manual dns failover to the secondary cluster to restore read write capabilities while the primary cluster was rebuilt action items prevention 1 update ci cd pipelines to require mandatory peer review for all database schema manipulation scripts 2 adjust the heartbeat timeout threshold on the failover routing policy from 15 seconds to 30 seconds to prevent false negative health checks 3 implement a dry run execution environment for all maintenance cron jobs before they are allowed to interact with the production schema synthetic dataset category technical page 1
technical,qa test repo qa regression test summary v3 4 quality assurance and regression test summary project aegis core systems v3 4 release candidate date august 16 2026 prepared by elena rostova qa lead executive summary this report details the findings of the final regression testing cycle for the v3 4 release candidate testing was conducted over a 72 hour period utilizing our automated selenium test suite alongside manual exploratory testing for the newly implemented ui components test coverage and execution a total of 1 450 test cases were executed against the staging environment automated tests 1 200 manual tests 250 the overall test execution rate was 100 defect summary we identified a total of 14 new defects during this cycle critical 0 high 2 medium 7 low 5 high severity defect details 1 bug 4029 the billing module fails to calculate the updated tier discounts for legacy customers when a user with a pro legacy a ount upgrades to enterprise the checkout cart displays a nan error instead of the prorated amount 2 bug 4033 oauth2 login via the google single sign on sso integration randomly times out on mobile safari browsers leaving the user on a blank authentication screen performance metrics api response times remained well within our service level objective slo of 200ms at the 95th percentile under standard load however the legacy reporting endpoint spiked to 850ms during concurrent bulk data exports recommendation due to the presence of two unresolved high severity defects qa recommends delaying the production deployment scheduled for august 18 we advise a hotfix sprint to address bug 4029 and bug 4033 followed by a targeted micro regression test before finalizing the release synthetic dataset category technical page 2
technical,system architecture specification real time event ingestion pipeline architecture system architecture specification component real time event ingestion pipeline author julian sterling lead architect date august 17 2026 1 introduction this specification outlines the proposed architecture for the new real time event ingestion pipeline for the starlight networks telemetry platform the goal is to replace our monolithic rest based ingestion service with a highly scalable decoupled event driven architecture capable of processing 50 000 events per second with sub second latency 2 core components the new pipeline will leverage the following technology stack ingestion gateway a fleet of stateless go based microservices running in a kubernetes cluster these nodes will receive incoming json payloads from iot edge devices perform basic schema validation and authenticate the payload using jwt tokens message broker we will utilize an apache kafka cluster as the central nervous system the gateway services will act as producers publishing validated events to partitioned kafka topics based on the event type e g telemetry temperature telemetry voltage stream processing apache flink will be deployed to consume the raw event streams from kafka flink jobs will handle stateful aggregations anomaly detection e g identifying temperature spikes over a rolling 5 minute window and data enrichment persistent storage processed and enriched data will be sunk into a cassandra database for low latency operational querying while raw events will be archived in aws s3 for long term compliance storage and batch machine learning training 3 scalability and resilience the ingestion gateway will be deployed behind a layer 7 load balancer equipped with auto scaling triggers based on cpu utilization the kafka cluster will be provisioned across three availability zones to ensure fault tolerance in the event of a downstream storage failure flink will rely on its internal checkpointing mechanism to guarantee exactly once processing semantics without data loss 4 next steps the engineering team will begin provisioning the staging environment infrastructure next sprint a proof of concept load test targeting 10 000 eps is scheduled for the end of the month synthetic dataset category technical page 3
technical,release notes release notes omni stream enterprise v5 1 release notes omni stream data analytics v5 1 date august 18 2026 product omni stream enterprise company zenith horizon technologies overview we are excited to announce the general availability of omni stream v5 1 this release introduces major enhancements to our predictive forecasting module expands third party api support and resolves several performance bottlenecks identified in the v5 0 launch new features enhancements predictive resource modeling prm we have integrated a new machine learning engine into the dashboard users can now forecast server bandwidth requirements up to 90 days in advance based on historical ingress egress patterns expanded webhook integrations users can now configure custom webhooks to trigger alerts directly into slack microsoft teams and pagerduty when an ingestion pipeline exceeds user defined latency thresholds dynamic payload parsing the ingestion engine now supports dynamic json payload structures eliminating the need to hardcode schema definitions for every new iot device type performance improvements optimized the time series database query compiler resulting in a 40 reduction in dashboard loading times for queries spanning datasets larger than 1 terabyte reduced memory consumption of the background sync daemon by optimizing garbage collection cycles bug fixes fixed an issue tkt 9912 where scheduled pdf reports would o asionally fail to render embedded charts if the dataset contained null values resolved a memory leak tkt 9944 in the legacy soap integration layer that caused periodic service restarts fixed a ui bug where the dark mode toggle would not persist across browser sessions deprecations as previously announced support for tls 1 1 has been officially removed in this release all api clients must negotiate connections using tls 1 2 or higher the legacy v2 rest endpoints have been marked as deprecated and will be permanently shut down in the v6 0 release scheduled for q1 2027 we strongly advise migrating all scripts to the v3 graphql api synthetic dataset category technical page 4
technical,api integration guide nexus financial gateway api guide api integration and authentication guide target system nexus financial gateway document version 1 2 last updated august 18 2026 1 authentication oauth 2 0 all requests to the nexus financial gateway api must be authenticated using the oauth 2 0 protocol clients must first obtain a bearer token from the v1 auth token endpoint using the client credentials grant type to acquire a token send a post request with your client id and client secret encoded via basic auth in the header the token response will include an expires in value typically 3600 seconds you must attach this token as a bearer token in the authorization header of all subsequent api requests 2 rate limiting to ensure system stability the api enforces strict rate limiting standard api keys are restricted to 100 requests per minute per endpoint if you exceed this threshold the api will return an http 429 too many requests status code the response header will include an x ratelimit reset value indicating the unix timestamp when your quota will be replenished 3 webhook subscriptions we highly recommend utilizing our asynchronous webhook system for transaction status updates rather than polling the v1 transactions id endpoint to subscribe submit a post request to v1 webhooks with a valid https callback url and the event types you wish to monitor e g transaction cleared transaction failed for security all webhook payloads sent to your callback url will include an x signature header this is an hmac sha256 hash generated using your secret webhook key and the raw request body you must verify this signature upon receipt to prevent replay attacks 4 error handling the api uses standard http status codes a 400 bad request indicates a malformed payload or missing required fields a 401 unauthorized indicates an expired or invalid bearer token all error responses include a json body containing a specific error code and a human readable message to assist with debugging synthetic dataset category technical page 5
technical,hardware stress test thermal tolerance hardware evaluation hardware stress test and thermal evaluation repo device under test silverblade x9 high density server chassis test date august 15 2026 testing engineer dr alan vance objective the purpose of this evaluation is to determine the thermal threshold and maximum sustained operating load of the silverblade x9 chassis under extreme data center conditions the test specifically measures cpu thermal throttling limits and cooling fan acoustic outputs at 100 simulated computational load methodology the chassis was equipped with dual 64 core processors and 512gb of ddr5 ecc ram we utilized the prime95 benchmarking utility to generate maximum heat dissipation the ambient room temperature of the testing chamber was strictly controlled at 25 c 77 f sensors were placed on the cpu heat sinks vrm arrays and exhaust vents results 1 baseline idle at idle cpu temperatures averaged 34 c system fans operated at 1 200 rpm producing a baseline acoustic profile of 38 db a 2 maximum sustained load 12 hours within 14 minutes of initiating prime95 cpu package temperatures plateaued at 82 c the internal logic su essfully ramped the six hot swappable cooling fans to their maximum threshold of 8 500 rpm acoustic output peaked at 74 db a which is within the a eptable limits for server room deployment 3 thermal throttling event to simulate a partial cooling failure two of the six exhaust fans were intentionally disabled via software override at hour 13 within 4 minutes cpu temperatures breached the 95 c safety limit the motherboard firmware correctly initiated thermal throttling reducing the cpu clock speed from 4 2 ghz to 2 8 ghz to maintain a stable 92 c until the fans were re enabled conclusion the silverblade x9 chassis exhibits excellent thermal management under peak continuous loads the firmware correctly intervenes during cooling degradation to prevent catastrophic hardware failure the hardware is cleared for tier 1 enterprise deployment synthetic dataset category technical page 6
technical,penetration test repo external vulnerability assessment external penetration test and vulnerability assessment client novatech cloud solutions testing period august 10 august 14 2026 lead assessor sarah jenkins oscp executive summary crestview infosec was engaged to perform a black box external penetration test against the public facing infrastructure of the novatech customer portal the assessment utilized industry standard methodologies including the owasp top 10 framework the objective was to identify security weaknesses that could be exploited by an unauthenticated attacker over the internet overall risk posture medium findings breakdown critical vulnerabilities 0 high vulnerabilities 1 medium vulnerabilities 3 low vulnerabilities 4 detailed high severity finding vulnerability stored cross site scripting xss location customer support ticket submission form api v2 support ticket cvss v3 1 score 8 2 high description the application fails to properly sanitize user supplied input in the description field of the support ticket submission form an attacker can inject malicious javascript payloads into this field when an authenticated administrator views the ticket in the backend portal the script executes within the context of the administrator s session proof of concept we su essfully injected the payload into a test ticket upon opening the ticket via a dummy admin a ount the session cookie was su essfully exfiltrated to our external listener remediation recommendation implement strict input validation and context aware output encoding all user supplied html tags should be stripped or properly escaped using a secure library e g dompurify before being rendered in the browser do not rely solely on client side validation next steps we recommend that the novatech development team prioritize the remediation of the stored xss vulnerability upon patch deployment crestview infosec will conduct a targeted retest to verify the effectiveness of the implemented fix synthetic dataset category technical page 7
technical,network capacity plan q3 network bandwidth expansion plan network capacity and bandwidth expansion plan reporting period q3 2026 prepared by department of network engineering target infrastructure seattle data center core routing overview over the past six months inbound traffic to the seattle data center has grown by an average of 18 month over month largely driven by the deployment of the new high resolution video rendering service current peak utilization of our dual 100 gbps core uplinks frequently exceeds 85 between 18 00 and 22 00 pst to prevent packet loss and maintain our 99 99 uptime sla proactive capacity expansion is required current state analysis core routers 2x nexus 9000 series current uplink capacity 200 gbps active active lacp peak bandwidth utilization july 2026 172 gbps identified bottlenecks edge firewall inspection throughput is plateauing at 80 gbps per appliance proposed upgrades 1 uplink expansion we propose upgrading the dark fiber interconnects to the primary isp from 100 gbps to 400 gbps qsfp dd transceivers this will quadruple our aggregate edge capacity to 800 gbps 2 firewall replacement the legacy layer 7 inspection firewalls will be replaced with next generation clustered security appliances capable of 150 gbps threat prevention throughput each deployed in a high availability ha cluster 3 internal top of rack tor switches leaf switches in server rows 14 through 20 will be upgraded from 10g to 25g to a ommodate the increased internal east west traffic generated by the video rendering cluster budget and timeline the total estimated capital expenditure capex for hardware procurement is 415 000 delivery of the new 400g transceivers and firewalls is expected by august 30 the maintenance window for the core uplink cutover is tentatively scheduled for sunday september 13 at 02 00 pst a brief 15 minute degradation of external routing is anticipated during the bgp session convergence synthetic dataset category technical page 8
technical,data migration strategy on premises to cloud db migration data migration strategy specification project migration of legacy crm database to aws aurora target completion date september 20 2026 author sylvia hernandez data engineering lead 1 project scope this document outlines the procedural strategy for migrating the legacy on premises oracle database housing all historical customer relationship management data to a fully managed amazon aurora postgresql compatible cluster the database currently contains 4 2 terabytes of data spanning 15 years of operational history 2 migration methodology due to the stringent requirement for near zero downtime a replicate and cutover strategy utilizing the aws database migration service dms has been selected phase 1 schema conversion august 25 august 30 the aws schema conversion tool sct will be used to automatically translate the oracle pl sql schemas views and stored procedures to postgresql equivalents manual refactoring will be required for roughly 12 of the complex proprietary trigger functions phase 2 initial full load september 5 a snapshot of the oracle database will be taken aws dms will initiate a full load replication to the aurora target this process is expected to take approximately 48 hours during this period the on premises database will remain fully operational phase 3 continuous replication cdc september 7 september 18 once the full load completes dms will utilize change data capture cdc to read the oracle redo logs any transactions o urring on the source database will be asynchronously replicated to the aurora cluster keeping both databases in near real time sync 3 cutover window the final cutover is scheduled for saturday september 19 at 01 00 utc the application layer will be placed in maintenance mode to sever connections to the oracle source we will allow 5 minutes for the final cdc transactions to drain into aurora data validation scripts will run row count and hash comparisons to guarantee data integrity dns records will be updated to point the application connection strings to the new aurora endpoints synthetic dataset category technical page 9
technical,algorithm evaluation machine learning model a uracy report algorithm evaluation and metrics repo model designation fraud detection xgb v2 1 evaluation date august 18 2026 lead data scientist dr arthur pendelton overview this report summarizes the offline evaluation metrics for the newly trained xgboost classification model v2 1 designed to flag fraudulent credit card transactions in real time the model was trained on a historical dataset of 12 million transactions from q1 and q2 2026 featuring 85 engineered features including geospatial velocity transaction velocity and behavioral anomaly scoring evaluation methodology the dataset was split using a stratified 80 20 train test split to preserve the extreme class imbalance fraudulent transactions represent only 0 15 of the total dataset evaluation was performed exclusively on the 20 holdout set the primary optimization metric for this deployment is the f1 score aiming to balance precision minimizing false positives that frustrate customers and recall catching true fraudulent behavior key metrics a uracy 99 91 note misleading due to severe class imbalance precision 0 88 88 of transactions flagged as fraud were actually fraud recall 0 81 the model su essfully identified 81 of all true fraudulent transactions f1 score 0 843 roc auc 0 965 feature importance top 3 1 distance from primary billing zip code shap value 3 2 2 time since last transaction shap value 2 1 3 transaction size relative to 30 day moving average shap value 1 8 business impact conclusion model v2 1 demonstrates a 14 improvement in recall compared to the incumbent random forest model currently in production without sacrificing precision this translates to an estimated 450 000 in monthly fraud prevention savings we recommend deploying v2 1 as a shadow model alongside the production environment for 14 days if the real time drift metrics remain stable it should be promoted to the primary inference endpoint by early september synthetic dataset category technical page 10
technical,static code analysis repo quarterly code security quality audit static code analysis and security audit target repository vsg payment gateway core branch release v2 8 1 scan date august 20 2026 analyzed by automated pipeline sonarqube security engineering team executive summary the quarterly static application security testing sast was performed on the core payment gateway repository the analysis covered 145 000 lines of java and go code the overall technical debt ratio remains a eptable at 4 2 but security vulnerabilities require immediate attention before the q4 code freeze key findings 2 critical vulnerabilities both relate to hardcoded cryptographic keys discovered in the legacy encryptionutils java module 5 high vulnerabilities primarily unvalidated input flows in the v1 process rest endpoint making the application susceptible to sql injection attacks code smells 412 instances of deprecated api usage and duplicated code blocks contributing to roughly 14 days of technical debt test coverage unit test coverage has dropped to 76 5 falling below our mandatory 80 threshold remediation plan the critical vulnerabilities must be patched immediately the hardcoded keys must be extracted and migrated to our hashicorp vault implementation the pipeline is currently configured to fail the build if test coverage remains below 80 the qa team must introduce mock testing for the new asynchronous refund module by friday a follow up manual code review is scheduled for august 25 to verify the remediation of the high severity sqli vectors synthetic dataset category technical page 1
technical,disaster recovery drill annual disaster recovery dr exercise results disaster recovery exercise post drill repo exercise type full region failover unannounced simulated scenario category 5 hurricane striking the us east 1 data center drill date august 15 2026 coordinator julian sterling vp of infrastructure objective to validate the recovery time objective o of 4 hours and recovery point objective rpo of 15 minutes for the core logistics routing engine simulating a complete loss of the primary aws region execution timeline 02 00 utc simulated disaster initiated network routes to us east 1 null holed 02 05 utc monitoring systems triggered p1 alerts dr team assembled on the primary bridge 02 15 utc cross region read replicas in us west 2 promoted to primary write nodes 02 45 utc stateless application containers spun up in us west 2 via automated terraform scripts 03 10 utc global dns routing updated via route53 to direct customer traffic to the secondary region 03 30 utc system validation complete core services restored results against objectives achieved o 1 hour 30 minutes target 4 hours pass achieved rpo 4 minutes of data loss target 15 minutes pass identified gaps while the core database and application layers failed over flawlessly the legacy batch processing workers used for end of day invoice generation failed to initialize the amazon machine images amis referenced in the dr provisioning scripts for these workers were deprecated and unavailable in the us west 2 region action items update the ami replication policy to ensure all active machine images including legacy worker nodes are automatically copied to the secondary region upon creation re test the batch processing failover by september 10 synthetic dataset category technical page 2
technical,api deprecation notice deprecation of rest api v1 x technical advisory api deprecation notice affected service crestview object storage api v1 0 v1 4 announcement date august 18 2026 end of life eol date february 28 2027 overview as part of our ongoing commitment to security and performance crestview cloud services is officially announcing the deprecation of the object storage rest api v1 x series all customers currently integrating with these endpoints must migrate their applications to the graphql based api v2 0 prior to the end of life eol date why is v1 x being deprecated the v1 x architecture relies on outdated xml payload parsing and utilizes tls 1 1 for transport layer security these protocols no longer meet our stringent internal security baselines furthermore the synchronous nature of the v1 x bulk upload endpoints has proven to be a bottleneck for customers handling datasets larger than 500gb migration path the v2 0 graphql api offers a 60 reduction in query payload size and supports asynchronous chunked multipart uploads comprehensive migration documentation including mapping tables for rest to graphql mutations is available at docs crestview test migration v2 timeline of events september 1 2026 no new features or non critical bug fixes will be deployed to v1 x endpoints december 1 2026 brownout testing begins we will intentionally fail 5 of v1 x requests with an http 410 gone status to highlight remaining legacy integrations february 28 2027 complete shutdown all calls to api crestview test v1 will return an http 404 not found please reach out to your technical a ount manager if you require assistance evaluating your current api usage metrics synthetic dataset category technical page 3
technical,cloud cost optimization q3 cloud infrastructure spend analysis cloud infrastructure cost optimization repo prepared by finops engineering team reporting period july 1 august 15 2026 cloud provider amazon web services aws executive summary our monthly aws expenditure has grown by 22 over the last quarter reaching an annualized run rate of 2 4 million while 8 of this growth is attributed to organic traffic increases the remaining 14 stems from inefficient resource provisioning and unoptimized storage tiers this report outlines immediate actions to reduce our monthly burn rate by approximately 35 000 key areas of waste 1 idle ec2 instances overprovisioning analysis using aws compute optimizer identified 42 ec2 instances in the eu central 1 region running at less than 5 cpu utilization over a 14 day rolling window these were primarily oversized m5 4xlarge instances spun up for load testing and never decommissioned 2 unattached elastic block store ebs volumes we currently have 1 200 unattached ebs volumes totaling over 150 tb of provisioned iops storage these orphaned volumes cost the organization roughly 18 000 per month and serve no active compute nodes 3 s3 storage class inefficiencies over 800 tb of media assets in the starlight archive raw s3 bucket have not been a essed in over 90 days but remain in the s3 standard storage tier remediation plan immediate action engineering has been authorized to terminate all unattached ebs volumes older than 14 days following a final snapshot backup right sizing downgrade the identified idle instances from m5 4xlarge to t3 large which provides sufficient baseline performance for staging environments lifecycle policies implement an s3 lifecycle rule to automatically transition objects older than 60 days from s3 standard to s3 glacier deep archive this simple policy shift will reduce storage costs for that bucket by 75 we anticipate realizing these cost savings fully in the september billing cycle synthetic dataset category technical page 4
technical,database schema migration schema migration plan user profiles v2 database schema migration plan target database meridian auth prod schema version upgrading from v14 2 to v15 0 execution window august 22 2026 02 00 04 00 utc dba lead sarah jenkins objective the upcoming release requires flattening the user preferences jsonb blob into distinct indexed relational columns to support the new high speed matchmaking algorithm this migration involves creating three new tables copying 45 million rows and dropping legacy constraints without causing a write lock on the active user table migration strategy zero downtime approach we will utilize the expand and contract migration pattern to ensure backward compatibility for api clients during the rollout phase 1 expand pre deployment 1 create the new user settings privacy configs and notification prefs tables 2 add dual write triggers to the existing users table any new inserts or updates to the legacy jsonb blob will automatically be parsed and written to the new relational tables 3 execute a background backfill script to migrate the historical 45 million records into the new tables this script will be throttled to 1 000 rows second to prevent iops spiking phase 2 migrate application deployment deploy the updated application code v4 0 the new code will read from and write exclusively to the new relational tables ignoring the legacy jsonb blob phase 3 contract post deployment cleanup following a 48 hour observation period to ensure stability and zero data mismatch errors we will execute the final schema contraction 1 drop the dual write triggers 2 execute alter table users drop column user preferences to reclaim approximately 120gb of disk space rollback plan if the backfill script causes query latency to exceed 500ms the process will automatically abort application code can be quickly rolled back to v3 9 which will continue relying on the jsonb blob synthetic dataset category technical page 5
technical,containerization strategy kubernetes k8s cluster architecture kubernetes cluster architecture and containerization strategy project monolith to microservices transition author david lin principal devops engineer date august 18 2026 1 overview this document defines the baseline architecture for migrating the legacy java monolithic application into containerized microservices orchestrated via amazon elastic kubernetes service eks the transition will improve deployment velocity resource utilization and horizontal scalability 2 cluster topology we will provision three distinct eks clusters development staging and production the production cluster will span three availability zones azs in us east 1 control plane managed by aws eks we will enforce api server endpoint a ess strictly via private vpc subnets to mitigate external attack vectors worker nodes a mix of on demand and spot instances managed via karpenter spot instances will be aggressively utilized for stateless fault tolerant workloads e g image rendering pods while on demand instances will host stateful services and the ingress controllers 3 networking and ingress pod networking will be handled by the aws vpc cni plugin providing native ip addresses to each container for external traffic routing we will deploy the nginx ingress controller internal service to service communication will be secured using an istio service mesh which enforces mutual tls mtls automatically without requiring application code changes 4 ci cd integration deployment will be entirely gitops driven using argocd developers will merge code into the main branch triggering a github actions pipeline to build the docker image and push it to the elastic container registry ecr the pipeline will then update the helm chart manifests argocd constantly monitoring the repository will detect the drift and automatically reconcile the cluster state by rolling out the new pods using a progressive canary deployment strategy 5 observability prometheus and grafana will be deployed within the cluster to scrape and visualize metrics fluent bit will be configured as a daemonset to collect pod logs and forward them to our centralized elasticsearch instance synthetic dataset category technical page 6
technical,zero day vulnerability ale critical security directive cve 2026 8812 emergency security directive severity critical cvss base score 9 8 vulnerability id cve 2026 8812 apache struts rce issued by chief information security officer ciso date august 18 2026 14 00 utc description of threat a zero day remote code execution rce vulnerability has been publicly disclosed affecting apache struts versions 2 5 0 through 2 5 30 the vulnerability allows an unauthenticated remote attacker to execute arbitrary shell commands by manipulating the content type http header in a specially crafted request active exploitation in the wild has been observed by multiple threat intelligence feeds impact assessment an immediate scan of our infrastructure via our vulnerability management tool indicates that 14 internal microservices and 2 public facing web applications are currently utilizing vulnerable versions of the struts framework these applications are primarily tied to our legacy hris portal and the b2b vendor inventory system required actions this is a priority 1 p1 directive all affected development teams must drop current sprint tasks and execute the following remediation steps immediately 1 patching upgrade the struts dependency to version 2 5 31 or higher in all pom xml or build gradle files force a rebuild and deploy to staging environments by 18 00 utc today 2 waf mitigation the network security team has already deployed a virtual patch to our web application firewall waf blocking http requests containing ognl expressions in the content type header however this is a temporary stopgap and does not replace the need for patching 3 threat hunting the security operations center soc is currently reviewing a ess logs from the past 72 hours for signs of compromise specifically searching for unusual child processes spawned by the apache tomcat user all patched services must be pushed to production no later than 23 59 utc tonight exceptions will not be granted direct all questions to the slack channel synthetic dataset category technical page 7
technical,hardware decommissioning server end of life eol decommissioning plan hardware decommissioning and data destruction plan facility ironwood chicago dc 2 asset class 45x dell poweredge r730 rack servers project lead marcus vance data center operations target completion september 5 2026 background the aforementioned 45 dell poweredge servers housed in racks c12 through c15 have reached the end of their 5 year hardware lifecycle and extended vendor warranty period all active workloads have been su essfully migrated to the new amd epyc based clusters these legacy assets must now be safely powered down sanitized and physically recycled decommissioning procedure step 1 network isolation and power down disable all associated switch ports on the top of rack tor switches to prevent a idental network reconnection gracefully power down the operating systems via idrac management interfaces disconnect and label all twinax dac cables and dual redundant power supplies step 2 storage media sanitization due to compliance requirements regarding customer pii simple logical deletion is insufficient data center technicians will physically extract all 360 sas ssd and hdd drives from the server chassis all drives will be processed through a localized degaussing machine for hdds or subjected to cryptographic erasure for ssds post sanitization all drives will be placed in a secure lockbox pending physical destruction step 3 physical destruction and e waste disposal on september 3 a certified third party vendor ecoshred logistics will arrive on site with a mobile industrial shredder all 360 drives will be physically shredded to pieces no larger than 2mm rendering data recovery impossible the vendor will issue a certificate of destruction cod referencing the serial number of every destroyed drive the empty server chassis and associated copper cabling will be transported by the vendor to a certified e waste recycling facility asset management upon receipt of the cod the it asset management itam database will be updated to reflect the status of these assets as destroyed recycled synthetic dataset category technical page 8
technical,iam audit repo identity and a ess management iam audit identity and access management iam internal audit audit period q2 2026 auditor elena rostova internal risk compliance system scope active directory aws iam github enterprise executive summary in a ordance with soc 2 type ii compliance mandates an internal audit of identity and a ess management iam controls was conducted the audit focused on the principle of least privilege polp termination offboarding procedures and multi factor authentication mfa enforcement across critical engineering systems audit findings 1 stale a ounts medium risk we identified 12 active aws iam user a ounts that have not logged in or rotated a ess keys in over 90 days cross referencing with hr records revealed that 3 of these a ounts belong to former contractors whose contracts expired in may remediation implement an automated lambda script to disable iam a ounts after 60 days of inactivity and delete them after 90 days 2 over privileged roles high risk the developer baseline iam policy attached to all junior engineers currently contains the s3 permission wildcard this allows broad destructive actions such as bucket deletion across all s3 buckets including production databases remediation the policy must be immediately restricted to s3 getobject and s3 putobject scoped specifically to development tier buckets using resource arns 3 mfa enforcement bypass high risk while sso with mfa is enforced for web console a ess we discovered that programmatic a ess via aws cli using long lived a ess keys bypasses the mfa requirement remediation refactor the aws authentication flow to require developers to assume roles using temporary sts tokens generated via an mfa authenticated sso portal e g aws iam identity center 4 github a ess controls low risk two engineering repositories containing proprietary algorithms lacked branch protection rules allowing developers to force push changes to the main branch without a pull request remediation branch protection rules requiring at least one approving review and a passing ci build have been retroactively applied by the repository admins during the audit conclusion the findings indicate a drift from our baseline security posture primarily due to manual provisioning processes transitioning to infrastructure as code iac for all iam role definitions is strongly recommended synthetic dataset category technical page 9
technical,ci cd pipeline review ci cd pipeline optimization proposal ci cd pipeline performance and optimization proposal prepared by devops engineering squad date august 18 2026 target platform gitlab actions jenkins problem statement as our microservice architecture has scaled to over 80 independent services our continuous integration continuous deployment ci cd pipelines have severely degraded in performance the average build to deploy time for the core monolith has increased from 12 minutes in q1 to 38 minutes currently this delay creates friction for developers slows down hotfix deployments and consumes excessive cloud compute credits bottleneck analysis 1 sequential test execution the integration test suite currently runs sequentially on a single runner instance this step alone a ounts for 22 minutes of the pipeline duration 2 inefficient docker builds the dockerfiles for our node js services are pulling and installing npm dependencies from scratch on every commit docker layer caching is not functioning due to the ordering of the copy commands in the build definitions 3 artifact bloat the final container images for our frontend react applications average 1 2 gb because they include all development dependencies and source maps dramatically slowing down image registry push pull times proposed optimizations 1 parallel test matrixing we will refactor the jenkins pipeline to split the 5 000 integration tests into 10 parallel execution chunks using matrix builds this distributed approach will reduce test execution time from 22 minutes to under 4 minutes 2 dockerfile refactoring and multi stage builds we will implement multi stage docker builds across all repositories the first stage will handle dependency installation and compilation while the final stage will only copy the compiled binary into a lightweight alpine or distroless base image this is projected to reduce image sizes by 80 3 dependency caching we will introduce a localized sonatype nexus cache within the vpc to proxy npm and maven packages this will eliminate the latency of fetching packages from public internet registries during the build phase expected outcome implementing these changes over the next two sprints is projected to bring the median build to deploy time back under 8 minutes saving an estimated 1 200 hours of developer wait time annually synthetic dataset category technical page 10
